time,mdot_in,mdot_out,mu_value,pressure_drop,pressure_drop_weighted
0,0,0,0,0,0
0.0125,-643.02913316452,643.02913316452,0.097319441772082,-2818914.1888035,-2818914.1888035
