time,2Dreceiver_temperature_in,2Dreceiver_temperature_out,2Dreceiver_velocity_in,2Dsource_pressure_in,2Dsource_pressure_out,2Dsource_temperature_in,2Dsource_temperature_out,2Dsource_velocity_in,2Dsource_velocity_out,Tfluid_pebble_avg,Tfluid_pebble_max,Tsolid_brick_avg,Tsolid_brick_max,Tsolid_core_barrel_avg,Tsolid_core_barrel_max,Tsolid_pebble_avg,Tsolid_pebble_max,Tsolid_reflector_avg,Tsolid_reflector_max,Tsolid_rpv_avg,Tsolid_rpv_max,core_pressure_in,core_pressure_out,dpdz_core,mflow_core_in,mflow_core_out,pebble_bed_volume,total_power
0,523.15,523.15,-2,200905.18744607,0,523.14999999999,-48.189274681782,-2,-2.1755524435028,523.08785524867,524.10795697863,523.15000000903,523.15000485668,523.14999984074,523.15000015226,523.16708215795,523.17403768215,523.15010059738,523.23181567048,523.14998360874,523.15001191816,200905.18744607,0,-14453.610607631,-89.513515717663,101.76594277715,77.754418176347,249999989.06615
0.0032,523.14999999807,754.12413828498,-2.2404263071805,104669.96065001,0,523.15000000046,53.324435795562,-2.2311390186371,-1.9532812324993,523.06819620613,524.53991021876,523.15000044328,523.15062107863,523.14999969112,523.1500002544,523.16740521437,523.17452595637,523.1500945684,523.26450587343,523.14996787305,523.15002334675,104669.96065001,0,-7530.2129964034,-99.858548806446,91.368749453884,77.754418176347,16061272.4551
