time,2Dreceiver_temperature_in,2Dreceiver_temperature_out,2Dreceiver_velocity_in,2Dsource_pressure_in,2Dsource_pressure_out,2Dsource_temperature_in,2Dsource_temperature_out,2Dsource_velocity_in,2Dsource_velocity_out,Tfluid_pebble_avg,Tfluid_pebble_max,Tsolid_brick_avg,Tsolid_brick_max,Tsolid_core_barrel_avg,Tsolid_core_barrel_max,Tsolid_pebble_avg,Tsolid_pebble_max,Tsolid_reflector_avg,Tsolid_reflector_max,Tsolid_rpv_avg,Tsolid_rpv_max,core_pressure_in,core_pressure_out,dpdz_core,mflow_core_in,mflow_core_out,pebble_bed_volume,total_power
-200000,523.15,0,0,7000000,7000000,523.15,523.15,1e-08,1e-08,523.15,523.15,523.15,523.15,523.15,523.15,523.15,523.15,523.15,523.15,523.15,523.15,7000000,7000000,0,4.4748374518835e-07,-4.4748374518835e-07,77.754418176347,250000000.03158
-199999.995,523.15,523.15,-2,10187.957077549,0,523.15000001237,-2.1263468515195e-23,-6.81127792363e-34,-2.502353047113,523.11675985264,523.60282052558,523.15000000391,523.15000229877,523.14999999747,523.15000003898,523.1585487584,523.16202177613,523.15004953981,523.18427825702,523.15000000007,523.1500000097,10187.957077549,0,-732.94655234163,-3.0485071673023e-32,117.05271355845,77.754418176347,249999989.06615
-199999.99,523.15,523.15,-2,200905.18744607,0,523.14999999999,-48.189274681782,-2,-2.1755524435028,523.08785524867,524.10795697863,523.15000000903,523.15000485668,523.14999984074,523.15000015226,523.16708215795,523.17403768215,523.15010059738,523.23181567048,523.14998360874,523.15001191816,200905.18744607,0,-14453.610607631,-89.513515717663,101.76594277715,77.754418176347,249999989.06615
