time,2Dreceiver_temperature_in,2Dreceiver_temperature_out,2Dreceiver_velocity_in,2Dsource_pressure_in,2Dsource_pressure_out,2Dsource_temperature_in,2Dsource_temperature_out,2Dsource_velocity_in,2Dsource_velocity_out,Tfluid_pebble_avg,Tfluid_pebble_max,Tsolid_brick_avg,Tsolid_brick_max,Tsolid_core_barrel_avg,Tsolid_core_barrel_max,Tsolid_pebble_avg,Tsolid_pebble_max,Tsolid_reflector_avg,Tsolid_reflector_max,Tsolid_rpv_avg,Tsolid_rpv_max,core_pressure_in,core_pressure_out,dpdz_core,mflow_core_in,mflow_core_out,pebble_bed_volume,total_power
-200000,523.15,0,0,7000000,7000000,523.15,523.15,-2,-2,523.15,523.15,523.15,523.15,523.15,523.15,523.15,523.15,523.15,523.15,523.15,523.15,7000000,7000000,0,-89.49674903767,89.49674903767,77.754418176347,250000000.03158
0,523.43435663762,1016.3808606834,-2.1265624419387,133420.01999679,0,523.43448311632,1016.3808605486,-2.1265629241482,-4.0885615974083,779.7343027462,1083.4144747585,497.6817981831,511.1580863767,453.78031599422,458.08862930896,800.05106062328,1090.7322094817,557.90599693136,955.63197615399,413.29105418765,416.47715848342,133420.01999679,0,-9598.5625896969,-95.128627958023,95.13240501762,77.754418176347,249999989.06615
