time,HeatInCore,Tf_HX_in,Tf_HX_out,Tf_chimney_in,Tf_chimney_out,Tf_downcomer_in,Tf_downcomer_out,Tf_riser_in,Tf_riser_out,mflow_HX_primary,mflow_rccs,IHX-junc-in:pressure,IHX-junc-in:rho,IHX-junc-in:temperature,IHX-junc-in:velocity,IHX-junc-out:pressure,IHX-junc-out:rho,IHX-junc-out:temperature,IHX-junc-out:velocity,junc-downcomer-horizontal:pressure,junc-downcomer-horizontal:rho,junc-downcomer-horizontal:temperature,junc-downcomer-horizontal:velocity,junc-horizontal-riser:pressure,junc-horizontal-riser:rho,junc-horizontal-riser:temperature,junc-horizontal-riser:velocity,junc-riser-chimney:pressure,junc-riser-chimney:rho,junc-riser-chimney:temperature,junc-riser-chimney:velocity,pool:level,pool:pressure,pool:rho,pool:temperature,pool:velocity,pool:volume
-200000,0,303.15,303.15,303.15,303.15,303.15,303.15,303.15,303.15,3.6270808994476,1.6918773795493,100000,991.791556,303.15,0.01,100000,991.82359822,303,0.01,100000,991.791556,303.15,0.01,100000,991.791556,303.15,0.01,100000,991.791556,303.15,0.01,10,100000,991.82359822,303,0,300
0,0.81957980291918,303.00008378342,303.00000000068,303.02267666755,303.02268507566,303.02243526821,303.0224130209,303.02243624314,303.02267661848,0.063039293795841,0.81645670322593,213113.7610384,991.81880803767,303.02242439348,0.00037258837255236,222840.52820808,991.82359821268,303.00000003425,0.00017379611586544,483517.86870027,991.81880570428,303.02243531686,0.0048256113683879,483517.86851603,991.81880551642,303.02243619627,0.0048256113683878,320108.18364588,991.81875414815,303.02267666779,0.0048256116035548,10.000037769072,198523.61053452,991.81881046703,303.02241302087,-8.8951827554197e-12,300.00113307217
