time,DP_SubchannelDelta,Mean_Temp,T1,T2,T3,T4,T5,T6,T7,T8,Total_power
0,0,0,0,0,0,0,0,0,0,0,0
1,149317.25404568,675.69787376675,660.27847773409,661.68679190591,685.61286008394,698.9150933078,710.95237220031,710.95203135698,685.61284728269,660.27847887679,337883.33333334
