time,DP_SubchannelDelta,Mean_Temp,T1,T2,T3,T4,T5,T6,T7,T8,Total_power
0,0,0,0,0,0,0,0,0,0,0,0
1,149321.77548737,671.81154874476,656.71639751745,658.38342586615,681.13484823178,694.11582732086,706.05118228917,706.05189433746,681.13483433879,656.71643488568,337883.33333334
