time,dp,eigenvalue,integrated_power,power_scaling
0,90,0,83402.220353913,4.0659626506497e+31
1,90,1.0903547968463,83333.333333333,4.7759586518255e+14
2,90,1.0923951960775,83333.333333333,4.7606220060558e+14
3,90,1.0923904840773,83333.333333333,4.7606668004571e+14
4,90,1.0923885385854,83333.333333333,4.7606783588369e+14
5,90,1.092388433753,83333.333333333,4.7606789290219e+14
