time,dp,integrated_power,power_scaling
0,90,83333.333333333,5.1942086572291e+14
0.03,90.6,85778.666809617,5.1942086572291e+14
0.06,91.2,88146.273116553,5.1942086572291e+14
