time,dp,integrated_power,power_scaling
0,90,83333.333333333,5.2005105977573e+14
0.03,90.6,85567.9537933,5.2005105977573e+14
0.06,91.2,88070.459715189,5.2005105977573e+14
