time,Lambda,rho,beta-0,lambda-0,beta-1,lambda-1,beta-2,lambda-2,beta-3,lambda-3,beta-4,lambda-4,beta-5,lambda-5,n,c-0,c-1,c-2,c-3,c-4,c-5
0,1.52631404716e-05,-2.59211786844e-08,0.000212379666159,0.0133664622992,0.00116163114562,0.0325094178429,0.00114965427732,0.121279178592,0.00272955851584,0.307771810273,0.00128468135536,0.86851119559,0.000530149149718,2.91720336082,1,1041.00437527,2341.0740668,621.06508014,581.058246119,96.9116747854,11.9065917464
0.03,1.52850514548e-05,0.000196087536439,0.000212443821986,0.0133664476883,0.00116164850475,0.0325095851763,0.00114940962283,0.121278913,0.00272970089438,0.307770933085,0.00128470400919,0.868506052935,0.000530044455094,2.91718572541,1.02790920463,1041.00903036,2341.10060345,621.091709046,581.12325803,96.9421252929,11.9187188083
0.06,1.53084873302e-05,0.000385275304534,0.000212507995332,0.0133664330793,0.0011616660183,0.0325097525449,0.00114916526459,0.12127864742,0.00272984359399,0.307770055961,0.00128472689292,0.868500910158,0.000529939835763,2.91716810164,1.05920377601,1041.0259018,2341.19320858,621.183035124,581.342600921,97.0440236627,11.9585232621
