time,Lambda,rho,beta-0,lambda-0,beta-1,lambda-1,beta-2,lambda-2,beta-3,lambda-3,beta-4,lambda-4,beta-5,lambda-5,n,c-0,c-1,c-2,c-3,c-4,c-5
0,1.52554245231e-05,-4.90380386384e-09,0.000210490177326,0.0133664,0.00115773720952,0.03251545,0.00115451039157,0.121281,0.00272056233569,0.3077885,0.00128069191894,0.868506,0.000524768340826,2.9167,1,1032.26946961,2333.97352442,623.994525556,579.404674393,96.6601686468,11.7937404832
0.06,1.53001946233e-05,0.000396491067574,0.000210668995693,0.013366356,0.00115787386776,0.0325159,0.00115398947133,0.1212804,0.00272141726767,0.30778668,0.00128061419757,0.86850564,0.000524513191346,2.9166548,1.06092317659,1032.28932148,2334.0901004,624.113574846,579.69546818,96.7942500993,11.8459034057
0.12,1.53467428875e-05,0.000789072408411,0.000210847779396,0.013366312,0.00115801036151,0.03251635,0.00115346840736,0.1212798,0.00272227179662,0.30778486,0.00128053630131,0.86850528,0.000524257977105,2.9166096,1.13340873665,1032.36308744,2334.49898547,624.51983443,580.665476557,97.2363957543,12.0104413768
0.18,1.53930735144e-05,0.00117773621641,0.000211026533531,0.013366268,0.00115814671909,0.0325168,0.00115294722814,0.1212792,0.00272312598889,0.30778304,0.00128045826156,0.86850492,0.000524002711047,2.9165644,1.21708344096,1032.49897222,2335.2444247,625.255389355,582.407065616,98.0192048719,12.2878245401
