time,dp,eigenvalue,integrated_power,power_scaling
0,90,0,83402.220353914,4.0659626506497e+31
1,90,1.0924034513299,83333.333333333,4.760555404617e+14
