time,dp,eigenvalue,integrated_power,power_scaling
0,90,0,83402.220353913,4.0659626506497e+31
1,90,1.0903547930604,83333.333333333,4.7759586613497e+14
2,90,1.0916885828216,83333.333333333,4.7624372494141e+14
3,90,1.0916674821433,83333.333333333,4.7625160145841e+14
4,90,1.0916654753728,83333.333333333,4.7625284863551e+14
5,90,1.0916653816341,83333.333333333,4.7625290690015e+14
