time,dp,integrated_power,power_scaling
0,90,83333.333333333,5.2005105792689e+14
0.03,90.6,85567.690712243,5.2005105792689e+14
0.06,91.2,88070.197951206,5.2005105792689e+14
