time,dp,eigenvalue,integrated_power,power_scaling
0,90,0,83402.220353913,4.0659626506497e+31
1,90,1.0949620074354,83333.333333333,4.7422646203476e+14
