time,dp,integrated_power,power_scaling
0,90,83333.333333333,5.1925995884855e+14
0.06,91.2,88217.893066288,5.1925995884855e+14
0.12,92.4,94030.945135884,5.1925995884855e+14
0.18,93.6,100745.17915611,5.1925995884855e+14
