time,dp,integrated_power,power_scaling
0,90,83333.333333333,5.2004471542507e+14
0.06,91.2,88174.34731396,5.2004471542507e+14
0.12,92.4,93932.25188782,5.2004471542507e+14
