time,Lambda,rho,beta-0,lambda-0,beta-1,lambda-1,beta-2,lambda-2,beta-3,lambda-3,beta-4,lambda-4,beta-5,lambda-5,n,c-0,c-1,c-2,c-3,c-4,c-5
0,1.52684694662e-05,-4.7705368952e-09,0.00021237953009,0.0133664622867,0.00116162963549,0.0325094171902,0.00114965177154,0.121279178366,0.00272955468371,0.307771808306,0.00128467961174,0.868511197473,0.000530148868342,2.91720341731,1,1040.64037863,2340.25399077,620.846964229,580.85463365,96.8777190181,11.9024295652
0.06,1.53150177404e-05,0.000393642447141,0.000212507803953,0.0133664330704,0.00116166413491,0.0325097519168,0.00114916232574,0.121278647218,0.00272983889165,0.307770054141,0.00128472480685,0.868500910696,0.000529939434743,2.91716815672,0.999997845665,981.273288845,2206.81296093,585.528246529,547.977604206,91.4753300998,11.2725498023
0.12,1.53634991475e-05,0.000783542937743,0.000212635967089,0.0133664038642,0.00116169822602,0.0325100868021,0.00114867301749,0.121278116118,0.00273012201663,0.307768300261,0.00128476980603,0.868490623189,0.000529729857472,2.91713294121,0.999994886245,918.980380367,2066.93311956,548.673130681,514.001398341,86.0509441876,10.7017787134
