time,Lambda,rho,beta-0,lambda-0,beta-1,lambda-1,beta-2,lambda-2,beta-3,lambda-3,beta-4,lambda-4,beta-5,lambda-5,n,c-0,c-1,c-2,c-3,c-4,c-5
0,1.52684526039e-05,-4.78808702899e-09,0.000212379534462,0.0133664622312,0.00116162967949,0.032509417399,0.00114965192585,0.12127917835,0.00272955403647,0.307771808414,0.00128467957251,0.868511201066,0.000530148814803,2.91720340634,1,1040.64155365,2340.25664893,620.847733305,580.8551372,96.8778226497,11.9024415529
0.06,1.53150006438e-05,0.000393641021441,0.000212507811988,0.013366433013,0.00116166418869,0.0325097521287,0.00114916247758,0.1212786472,0.00272983825342,0.307770054275,0.00128472476548,0.868500914581,0.00052993937366,2.91716814564,1.06051987001,1040.66345993,2340.3771942,620.966579071,581.143016485,97.0117381812,11.9548031781
0.12,1.53634818075e-05,0.000783540132965,0.000212635978845,0.0133664038049,0.00116169828972,0.0325100870173,0.00114867316677,0.1212781161,0.00273012138754,0.307768300422,0.00128476976252,0.868490627372,0.000529729788705,2.91713293,1.13248554903,1040.7389792,2340.78759921,621.368624446,582.102901998,97.4520962662,12.1196886188
