time,Lambda,rho,beta-0,lambda-0,beta-1,lambda-1,beta-2,lambda-2,beta-3,lambda-3,beta-4,lambda-4,beta-5,lambda-5,n,c-0,c-1,c-2,c-3,c-4,c-5
0,1.55678748791e-05,-2.43095265342e-08,0.000212241026995,0.0133664620704,0.00116087561394,0.0325094206432,0.00114890983101,0.121279179169,0.00272778032797,0.30777181638,0.00128384490162,0.868511204598,0.00052980275053,2.91720315686,1,1019.96092856,2293.75551534,608.513705467,569.313146975,94.9528058622,11.6658987104
0.03,1.55924328268e-05,0.000214328988902,0.000212305104745,0.0133664474535,0.00116089238404,0.0325095880031,0.00114866439456,0.121278913562,0.00272792131345,0.307770939262,0.00128386697226,0.868506064032,0.000529697983208,2.91718552049,1.03054920177,1019.96597595,2293.78407649,608.542278142,569.382704006,94.9853792876,11.6788890053
0.06,1.56144630768e-05,0.000389611069375,0.00021236931723,0.0133664328385,0.00116091052682,0.0325097553959,0.00114842098359,0.121278647967,0.0027280654353,0.307770062198,0.00128389040966,0.868500923358,0.000529593584993,2.91716789618,1.06012635638,1019.9833051,2293.87907487,608.635914549,569.607396853,95.0897271402,11.7196184787
