time,dp,eigenvalue,integrated_power,power_scaling
0,90,0,83402.220353914,4.0659626506497e+31
1,90,1.094170416104,83333.333333333,4.7533959329947e+14
2,90,1.095177338708,83333.333333333,4.7427899354982e+14
3,90,1.0951698783656,83333.333333333,4.7428325507446e+14
4,90,1.0951690862357,83333.333333333,4.7428371831642e+14
