time,TotalPower,avg_Tfluid,avg_Tfuel,avg_Tmod,avg_Tsleeve,avg_Twall,avg_gap_conductance,avg_homo_gap_conductance,avg_htc_inner,avg_htc_outer,avg_pdensity,avg_scaled_pdensity,bdy_heat_flux,bdy_heat_flux_tot,convection_mod_fluid,convection_sleeve_fluid,fuel_block_total_power,fuel_k_average,graphite_k_average,max_Tfuel,max_Tsleeve
0,0,523.2004084279,523.23045977011,524.99999999999,523.19022988506,523.19022988506,112.43465750852,3999.9999999999,499.99999999999,500,999999.99999999,0,0,0,0,0,0,0,0,561.62940366151,561.99921487201
1,10445.272076561,523.2004084279,629.33681064362,524.99999999999,580.78847284775,580.46667092735,83.604104815187,2974.317943161,499.99999999999,500,999999.99999999,8457553.3319312,1043.6791693864,32354.054250977,8825.1203397973,647.56880121659,323803.43437339,27.548161297472,44.296427536638,664.688589987,615.95247001437
3,10445.272076561,523.2004084279,629.3366229795,524.99999999999,580.78845041255,580.46665659699,83.604103876614,2974.3179097701,499.99999999999,500,999999.99999999,8457553.3319312,1043.6815680812,32354.128610516,8825.1181317835,647.56918505439,323803.43437339,27.548165944452,44.296427726615,664.68845300876,615.9524561209
7,10445.272076561,523.2004084279,629.3366229795,524.99999999999,580.78845041255,580.46665659699,83.604103876614,2974.3179097701,499.99999999999,500,999999.99999999,8457553.3319312,1043.6815680812,32354.128610516,8825.1181317835,647.56918505439,323803.43437339,27.548165944452,44.296427726615,664.68845300876,615.9524561209
10,10445.272076561,523.2004084279,629.3366229795,524.99999999999,580.78845041255,580.46665659699,83.604103876614,2974.3179097701,499.99999999999,500,999999.99999999,8457553.3319312,1043.6815680812,32354.128610516,8825.1181317835,647.56918505439,323803.43437339,27.548165944452,44.296427726615,664.68845300876,615.9524561209
