time,NI_avg,NXe_avg,Tf_avg,Tf_max,Tm_avg,Tm_max,eigenvalue,integrated_power,power_scaling
0,0,0,619.99999999999,620,523.14999999999,593.15,1,8425280,7.121339186412e+17
1,6.2914027303211e-10,5.5051957409707e-10,619.99999999999,620,523.14999999999,593.15,1.0155078895436,8425280,7.0181403027036e+17
