time,NI_avg,NXe_avg,Tf_avg,Tf_max,Tm_avg,Tm_max,integrated_power,power_scaling
0,6.2914027303211e-10,5.5051957409707e-10,619.99999999999,620,523.14999999999,593.15,8425280,7.0181403027036e+17
10,6.2914027304785e-10,5.5051991357939e-10,619.99999999999,620,523.14999999999,593.15,8425280,7.0181403027036e+17
20,6.2914027306359e-10,5.5052025295196e-10,619.99999999999,620,523.14999999999,593.15,8425280,7.0181403027036e+17
