time,eigenvalue,fuel_temp_avg,fuel_temp_max,fuel_temp_min,hp_temp,hydro_stress,integrated_power,power_scaling,scaled_power_avg
0,0,800,800,800,0,0,1800,3.9713646307733e+32,3583295.5980136
1,0.98372733163459,800,800,800,0,0,1800,12187119282622,3583295.5980136
