time,axial_temp_11
0,0
10000000,0.0032310278115365
20000000,1.8064334957617e-05
30000000,1.7989440093348e-05
