time,axial_temp_11
0,0
10000000,0.0032310347892053
20000000,1.8058266275016e-05
30000000,1.7989438788621e-05
