time,axial_temp_1
0,0
10000000,318.06199095604
20000000,318.04836620591
30000000,318.04836620591
