time,axial_temp_11
0,0
10000000,300.0020193947
20000000,300.00001127029
30000000,300.00001127029
