time,axial_temp_11
0,0
10000000,0.0031725036955814
20000000,-2.0950138405405e-07
30000000,-3.1356918790185e-07
