time,axial_temp_11
0,0
10000000,0.0032310353283349
20000000,1.8020719165039e-05
30000000,1.7989440138845e-05
