time,axial_temp_11
0,0
10000000,0.0032310360455568
20000000,1.802809952972e-05
30000000,1.798943668524e-05
