time,axial_temp_1
0,0
10000000,28.899218899245
20000000,28.877385902458
30000000,28.877384445452
