time,axial_temp_1
0,0
10000000,33.232783839353
20000000,33.208577266422
30000000,33.208574894227
