time,Tfuel_avg,lambda
102.3,900.00000000007,3.8914434486923e-13
