time,Tfuel_avg,lambda
102.3,899.99999999975,1.1525976629347e-11
