time,dispx_aclp,dispx_core_top,dispx_tlp,dispy_aclp,dispy_core_top,dispy_tlp
0.5,7.4742210079276e-05,7.4261047417378e-05,7.4740167293114e-05,0.00081204979562374,0.00024974897105789,0.003061404858358
1,0.00014957053036667,0.00014860646172377,0.00014953743956894,0.0032515745400077,0.00099985598930191,0.012258980191843
