time,disp_x_1,disp_x_10,disp_x_11,disp_x_3,disp_y_1,disp_y_10,disp_y_11,disp_y_3
0.1,9.8122731502803e-06,1.4168901908542e-13,3.1538971286673e-15,7.1211739387795e-14,0.00012211175553587,-3.1750848134499e-14,1.7041144562366e-13,1.8423548867952e-13
0.2,1.9626739815145e-05,-2.3789628544454e-13,7.2482237712686e-15,7.5705515629942e-13,0.00048855398934881,1.2127777532967e-12,1.042363970268e-12,-1.3780756081929e-13
0.3,2.9443363295867e-05,1.5757754389584e-12,1.9043658605347e-14,-4.0142192903255e-13,0.0010994865232644,-2.1916760469774e-12,1.0578368778764e-12,1.1486287853058e-12
0.4,3.9262027873961e-05,-2.6332970354603e-12,2.126847047078e-13,1.3726998101423e-05,0.0019074913712106,4.594272447463e-12,-6.0564317620018e-13,2.3784403371768e-05
0.5,4.9082838262589e-05,1.1748044427785e-11,-1.1664676916324e-13,9.826479196632e-05,0.0027148362242505,-2.4342495524742e-11,-2.7851919970621e-11,0.00017023449235814
