time,eigenvalue,fuel_temp_avg,fuel_temp_max,fuel_temp_min,integrated_power,power_scaling,pp_nH_avg,pp_nH_max,pp_nH_min,scaled_power_avg
0,0,800,800,800,345600,2.3787648753134e+32,1.94,1.94,1.94,2182696.3624031
1,1.0484554564179,845.35352255818,869.81857572705,818.24785991366,345600,1.217206772611e+15,1.94,1.94,1.94,2181175.4651566
