time,eigenvalue,fuel_temp_avg,fuel_temp_max,fuel_temp_min,integrated_power,power_scaling,scaled_power_avg
0,0,873.15000000006,873.15,873.15,345600,2.3789817378976e+32,2182696.3624032
1,0.7416972237909,873.15000000006,873.15,873.15,345600,1.5600847748621e+15,2182696.3624032
