time,ext_side_integral,flux_uo_avg,fuel_temp_avg,fuel_temp_max,fuel_temp_min,heatpipe_surface_temp_avg,hp_end_heat_integral,hp_heat_integral,mirror_side_integral,mod_temp_avg,mod_temp_max,mod_temp_min,monolith_temp_avg,monolith_temp_max,monolith_temp_min,power,tb_integral,total_sink
-50000,1.7210113813668e-13,0,0,0,0,0,5.4308340658248e-13,-1.8323287911326e-08,-1.1149992498234e-10,0,0,0,0,0,0,538343.31711915,-2.4885385247418e-11,-1.8458958037011e-08
-49900,-2534.1572525179,42247.32925228,52.560959886633,253.32650433393,18.876805354476,52.384666146293,22452.980894229,832150.3523664,308110.88664196,49.77616705754,231.99034366341,22.140710923627,49.255040621121,256.68741934197,-0.78489165076163,538343.31711915,1590996.8243028,2751176.8869529
-49700,-2534.1572525179,42247.32925228,52.560959886633,253.32650433393,18.876805354476,52.384666146293,22452.980894229,832150.3523664,308110.88664196,49.77616705754,231.99034366341,22.140710923627,49.255040621121,256.68741934197,-0.78489165076163,538343.31711915,1590996.8243028,2751176.8869529
