time,pp00_inlet_mfr,pp01_outlet_mfr,pp02_inlet_pressure,pp03_total_power,pp04_T_oulet,pp05_rpv_temp,pp06_rpv_temp_max
5242.8775,-63.388789120413,63.388789120423,5940172.329348,199990351.80666,1139.371487056,404.43636314373,508.51275527793
