time,eigenvalue,power_scaling,total_power
0,1,9.7292822335916e+17,200000000
1,1.0149590416305,1.1491392524822e+18,200000000
