time,eigenvalue,h,max_power,power,power_scaling,total_power
0,1,0,0,0,4.0452915630297e+17,220834640
1,1.2412618964748,0.067689055150219,34830072.353235,0,3.5525663694436e+17,220834640
