time,eigenvalue,power_scaling
0,0,1.8563821797663e+30
1,1.077592259279,1.0296493701895e+18
