time,Core_P_in,Core_P_out,Core_T_in,Core_T_out,FliBe_mass_flow,FliBe_mass_flow2,Fuel_mass_flow,Gas_mass_flow,HX2_Tin_p,HX2_Tout_p,HX2_Tout_s,HX_Pin_s,HX_Tin_p,HX_Tout_p,HX_Tout_s,HX_Uout_s,MSFR_core_Coolant_Density_Reactivity,Power,Total_Reactivity_Feedback,fml1_MSFR_core_in,fml1_MSFR_core_out,fml1_ss_MSFR_core_in,fml1_ss_MSFR_core_out,fml2_MSFR_core_in,fml2_MSFR_core_out,fml2_ss_MSFR_core_in,fml2_ss_MSFR_core_out,fml3_MSFR_core_in,fml3_MSFR_core_out,fml3_ss_MSFR_core_in,fml3_ss_MSFR_core_out,fml4_MSFR_core_in,fml4_MSFR_core_out,fml4_ss_MSFR_core_in,fml4_ss_MSFR_core_out,fml5_MSFR_core_in,fml5_MSFR_core_out,fml5_ss_MSFR_core_in,fml5_ss_MSFR_core_out,fml6_MSFR_core_in,fml6_MSFR_core_out,fml6_ss_MSFR_core_in,fml6_ss_MSFR_core_out
0,218571.71460495,111916.575306,951.4016650963,1050.7108952829,-16846.459901796,16846.459904366,18085.754302784,-2571.228399743,961.94028585822,888.35634888565,897.11168918298,199584.41832775,1050.692824558,951.72983764544,961.91993199793,-2.4074346830405,0,2999999775.8405,0,3263.7189468451,3414.7897261017,3263.6883007526,3414.7590906296,11216.887392107,12443.107660805,11216.887661898,12443.108022067,1779.9322191764,2632.582855755,1779.9323000071,2632.5829999004,982.28145093155,2741.2539579,982.28150651832,2741.2541427645,30.954906361531,693.39763100126,30.954908283608,693.39768135033,-1.3586515684792,56.735903438465,-1.3586516698949,56.735907751674
