time,Core_P_in,Core_P_out,Core_T_in,Core_T_out,FliBe_mass_flow,FliBe_mass_flow2,Fuel_mass_flow,Gas_mass_flow,HX2_Tin_p,HX2_Tout_p,HX2_Tout_s,HX_Pin_s,HX_Tin_p,HX_Tout_p,HX_Tout_s,HX_Uout_s,MSFR_core_Coolant_Density_Reactivity,Power,Total_Reactivity_Feedback,fml1_MSFR_core_in,fml1_MSFR_core_out,fml1_ss_MSFR_core_in,fml1_ss_MSFR_core_out,fml2_MSFR_core_in,fml2_MSFR_core_out,fml2_ss_MSFR_core_in,fml2_ss_MSFR_core_out,fml3_MSFR_core_in,fml3_MSFR_core_out,fml3_ss_MSFR_core_in,fml3_ss_MSFR_core_out,fml4_MSFR_core_in,fml4_MSFR_core_out,fml4_ss_MSFR_core_in,fml4_ss_MSFR_core_out,fml5_MSFR_core_in,fml5_MSFR_core_out,fml5_ss_MSFR_core_in,fml5_ss_MSFR_core_out,fml6_MSFR_core_in,fml6_MSFR_core_out,fml6_ss_MSFR_core_in,fml6_ss_MSFR_core_out
0,218571.71461707,111916.57531132,951.40166486631,1050.7108949014,-16846.459901668,16846.45990432,18085.754302866,-2571.2283997224,961.94028560241,888.35634870054,897.11168880514,199584.41833398,1050.6928241989,951.72983740307,961.91993173169,-2.4074346828551,0,2999999768.7132,0,3267.1498789002,3418.126778469,3267.1498826879,3418.1267871493,11222.28067925,12448.1689934,11222.280692261,12448.169025012,1780.2143770017,2632.8049745507,1780.2143790655,2632.8049812366,982.3721720118,2741.30260745,982.37217315069,2741.3026144114,30.957555654014,693.39810686008,30.957555689904,693.39810862095,-1.3586514454438,56.735907650453,-1.3586514470189,56.735907794532
