time,Core_P_in,Core_P_out,Core_T_in,Core_T_out,FliBe_mass_flow,FliBe_mass_flow2,Fuel_mass_flow,Gas_mass_flow,HX2_Tin_p,HX2_Tout_p,HX2_Tout_s,HX_Pin_s,HX_Tin_p,HX_Tout_p,HX_Tout_s,HX_Uout_s,MSFR_core_Coolant_Density_Reactivity,Power,Power_Normalized,Total_Reactivity_Dollars,Total_Reactivity_Feedback,fml1_diff_flux,fml2_diff_flux,fml3_diff_flux,fml4_diff_flux,fml5_diff_flux,fml6_diff_flux
0,218571.71206141,111916.57189061,951.40162414742,1050.7108603778,-16846.459875501,16846.459878121,18085.754319747,-2571.2283875135,961.94024257772,888.35630653196,897.11149595315,199584.41974353,1050.6927908628,951.72979671239,961.91988970814,-2.4074346537192,0,2999999771.4066,0.9999999238022,0,0,150.97693506641,1225.8882684185,852.59061452655,1758.9304389592,662.44054834762,58.094558433842
