time,Core_P_in,Core_P_out,Core_T_in,Core_T_out,FliBe_mass_flow,FliBe_mass_flow2,Fuel_mass_flow,Gas_mass_flow,HX2_Tin_p,HX2_Tout_p,HX2_Tout_s,HX_Pin_s,HX_Tin_p,HX_Tout_p,HX_Tout_s,HX_Uout_s,MSFR_core_Coolant_Density_Reactivity,Power,Power_Normalized,Total_Reactivity_Dollars,Total_Reactivity_Feedback,fml1_diff_flux,fml2_diff_flux,fml3_diff_flux,fml4_diff_flux,fml5_diff_flux,fml6_diff_flux
0,218571.68988323,111916.55316934,951.40175329298,1050.7110387062,-16846.459939438,16846.4599254,18085.754258983,-2571.2283917014,961.9403826512,888.3564063969,897.11160883314,199584.41616065,1050.6929656504,951.72992829774,961.92003197472,-2.4074347500621,0,3000002187.8535,1.0000007292845,0,0,150.97702028944,1225.889233211,852.59122408613,1758.9317239818,662.44103922592,58.094602407491
