time,Normalization,Tfuel_avg2,eigenvalue,total_power
2,2.8782837229456e+17,1149.9998156537,0.9926043342798,999999999.99999
