time,disp_x_max,disp_y_max,strain_xx,strain_yy
0,0,0,0,0
1,2.3577236638579e-05,0.012165941144727,0.0033860678673266,0.0033839462625999
