time,avg_tcool,avg_tfuel,disp_x_max,disp_y_max,disp_z_max,eigenvalue,integrated_power,max_tclad_r,max_tcool,max_tcool_r,max_tfuel,max_tfuel_r,max_thcond_r,min_tcool,min_tfuel,power_scaling,ptot
0,699.99999999999,900,0.0098289422339933,0,0.0097956927237109,1,300000000,0,700,0,900,0,0,700,900,4.594247409989e+17,300000000
1,711.9774295528,818.42506250309,0.0098289422339933,0.0090637712065464,0.0097956927237109,1.0181656086376,300000000,799.79263295588,771.24051301178,750,886.8596621663,932.57256346441,23.458141754907,623.15,771.92007445314,1.9389225623186e+19,300000000
