time,avg_tcool,avg_tfuel,disp_x_max,disp_y_max,disp_z_max,eigenvalue,integrated_power,max_tclad_r,max_tcool,max_tcool_r,max_tfuel,max_tfuel_r,max_thcond_r,min_tcool,min_tfuel,power_scaling,ptot
0,699.99999999999,900,0.0098325722367415,0,0.0097967029593026,1,300000000,0,700,0,900,0,0,700,900,4.5943136642121e+17,300000000
1,711.97777954973,818.40619948097,0.0098325722367415,0.0090633814558283,0.0097967029593026,1.0181741834317,300000000,799.78779805037,771.20807973541,750,886.69245669224,932.55561496704,23.457935361637,623.15,771.95401247243,1.9398536385635e+19,300000000
