time,avg_tcool,avg_tfuel,disp_x_max,disp_y_max,disp_z_max,eigenvalue,integrated_power,max_tclad_r,max_tcool,max_tcool_r,max_tfuel,max_tfuel_r,max_thcond_r,min_tcool,min_tfuel,power_scaling,ptot
0,699.99999999999,900,0.0067546529238904,0,0.0065358603442836,1,300000000,0,700,0,900,0,0,700,900,4.5408340455407e+17,296514187.92759
1,711.92617289554,817.48527501027,0.0067546529238904,0.0090627422904358,0.0065358603442836,1.0181895453506,300000000.54525,799.13072320753,770.95477147996,750,885.10224101653,930.26417159609,23.42994818718,623.15,771.55304168951,1.9350464809815e+19,296262811.47055
