time,avg_tcool,avg_tfuel,disp_x_max,disp_y_max,disp_z_max,eigenvalue,integrated_power,max_tclad_r,max_tcool,max_tcool_r,max_tfuel,max_tfuel_r,max_thcond_r,min_tcool,min_tfuel,power_scaling,ptot
0,699.99999999999,900,0.0067546529238904,0,0.0065358603442836,1,300000000,0,700,0,900,0,0,700,900,4.5942159570282e+17,300000000
1,711.96995906511,818.31809701954,0.0067546529238904,0.0090659017771872,0.0065358603442836,1.0181872071407,300000000,799.75344587717,771.2180817624,750,886.73039832272,932.43446313767,23.456459295036,623.15,771.82349450295,1.9594836057492e+19,300000000
