time,eigenvalue,integrated_power,power,power_scaling
0,1,300000000,300000000,4.5394046658108e+17
1,1.0258499999884,300000000,300000000,4.7473391535278e+17
