time,DP_SubchannelDelta,Mean_Temp,Total_Net_Power_Through_Duct,Total_coolant_power,temp-1,temp-2,temp-3,temp-4,temp-5,temp-6,temp-7,temp-8
0,0,0,-48356.899132964,0,0,0,0,0,0,0,0,0
1,442498.76643804,708.06265812784,-48356.899132964,1952750.0011866,700.01296458173,709.6631593779,716.3612076694,720.16223508856,720.162225634,717.5484963293,707.81314192851,700.00496376472
