time,DP_SubchannelDelta,Mean_Temp,Total_Net_Power_Through_Duct,Total_coolant_power,temp-1,temp-2,temp-3,temp-4,temp-5,temp-6,temp-7,temp-8
0,0,0,-48335.480132032,0,0,0,0,0,0,0,0,0
1,442498.63616601,708.0634803071,-48335.480132032,1952779.2191282,700.02210528898,709.66536858564,716.37243840796,720.19885763693,720.19898133546,717.5428260431,707.80552285581,700.01453876581
