time,DP_SubchannelDelta,Mean_Temp,Total_Net_Power_Through_Duct,Total_coolant_power,temp-1,temp-2,temp-3,temp-4,temp-5,temp-6,temp-7,temp-8
0,0,0,-50091.385325355,0,0,0,0,0,0,0,0,0
1,442498.48569278,708.01520703389,-50091.385325355,1951063.9696444,700.27975649235,709.65194818803,716.33892502608,720.20398853757,720.20396349653,717.52522119043,707.79896030605,700.26918131337
