time,DP_SubchannelDelta,Mean_Temp,Total_Net_Power_Through_Duct,Total_coolant_power,temp-1,temp-2,temp-3,temp-4,temp-5,temp-6,temp-7,temp-8
0,0,0,-48131.758411375,0,0,0,0,0,0,0,0,0
1,442409.50018211,708.06884157832,-48131.758411375,1952968.4364805,699.88047359688,709.75632582395,716.5194827336,720.22386746708,720.22393402317,717.69213879185,707.86668703236,699.87022478263
