time,DP_SubchannelDelta,Mean_Temp,Total_Net_Power_Through_Duct,Total_coolant_power,temp-1,temp-2,temp-3,temp-4,temp-5,temp-6,temp-7,temp-8
0,0,0,-50765.202903724,0,0,0,0,0,0,0,0,0
1,442498.36211725,707.99680132724,-50765.202903724,1950409.3141038,700.23705403438,709.62315432784,716.3595070614,720.1670629506,720.16706545079,717.5481340148,707.76235469609,700.22967526065
