time,DP_SubchannelDelta,Mean_Temp,Total_Net_Power_Through_Duct,Total_coolant_power,temp-1,temp-2,temp-3,temp-4,temp-5,temp-6,temp-7,temp-8
0,0,0,-50068.793562441,0,0,0,0,0,0,0,0,0
1,442498.52762104,708.01560857561,-50068.793562441,1951078.167893,700.29102219296,709.630500107,716.36098199255,720.16640900159,720.16645076985,717.54894317891,707.77040553638,700.27932976751
