time,Decay_heat_tot,FRR_avg,Fiss_power_tot,NI_avg,NXe_avg,T_fuel_avg,T_fuel_max,T_fuel_max_kernel,T_mod_avg,Transient_decay_heat_tot,Tt_pow,decay_heat_scaling_factor,flux0_avg,flux1_avg,power_scaling,reactor_total_power_check,time_step_pp
0,25704000,1.5249795148687e+17,374296000,0.33222766449169,0.065317669189194,900,900,0,700,25704000,400000000,1,9.4990289862969e+17,9.0261916500724e+17,3.4390326704631e+18,400000000,0
180000,25704000,462643670122.18,1135.3401066326,0.052944710930229,0.071913990641524,900,900,0,700,1658411.7984,1213.3072291797,0.0645196,3498422476846.2,2653033533054.8,3.4390326704631e+18,1659547.1385066,180000
