time,Decay_heat_tot,FRR_avg,Fiss_power_tot,NI_avg,NXe_avg,T_fuel_avg,T_fuel_max,T_fuel_max_kernel,T_mod_avg,Transient_decay_heat_tot,Tt_pow,decay_heat_scaling_factor,flux0_avg,flux1_avg,power_scaling,reactor_total_power_check,time_step_pp
0,25704000,1.5249802775038e+17,374296000,0.33222673318557,0.065499916850901,900,900,0,700,25704000,400000000,1,9.4990356157157e+17,9.0259866257015e+17,3.4395832732144e+18,400000000,0
180000,25704000,463215249578.35,1136.7406573339,0.052944563563401,0.071951862970875,900,900,0,700,1658411.7984,1214.80395979,0.0645196,3502240684798.5,2656042823012.8,3.4395832732144e+18,1659548.5390573,180000
