time,Decay_heat_tot,FRR_avg,Fiss_power_tot,NI_avg,NXe_avg,T_fuel_avg,T_fuel_max,T_fuel_max_kernel,T_mod_avg,Transient_decay_heat_tot,Tt_pow,decay_heat_scaling_factor,flux0_avg,flux1_avg,power_scaling,reactor_total_power_check,time_step_pp
0,25704000,1.5249802775039e+17,374296000,0.33222673318555,0.06549991685324,900,900,0,700,25704000,400000000,1,9.4990356157147e+17,9.0259866256939e+17,3.4395832732352e+18,400000000,0
180000,25704000,463299615501.68,1136.9475797791,0.052944563718698,0.071951863544431,900,900,0,700,1658411.7984,1215.0250922041,0.0645196,3502811415281.4,2656517211655.6,3.4395832732352e+18,1659548.7459798,180000
