time,eigenvalue,integrated_power,power_scaling
0,0,0.01,4.08777217252e+25
1,0.99363512183323,0.01,437504986.24662
