time,eigenvalue,integrated_power,power_scaling
0,0,0.01,4.08777217252e+25
1,0.87255986952724,0.01,500992438.68327
