time,average_density,average_mu,inlet_mfr,outlet_mfr,pressure_drop,volume
0,0,0,0,0,0,0
1,8.6292937071358,1.9912419370908e-05,-59.997908518164,59.997908518724,34510.003425862,47.500880922278
