time,desired_mfr,inlet_mfr,outlet_mfr
0,60,0,0
1,60,-59.999970120057,59.999970120055
