time,fuel_temp_avg,fuel_temp_max,fuel_temp_min,integrated_power,mod_temp_avg,mod_temp_max,mod_temp_min,power_scaling,scaled_power_avg
0,844.99249069211,866.87225414833,820.73953532873,345600,842.84541425246,862.1064144516,822.80648802134,1.2773978291899e+15,2182696.3624033
1,844.9932791742,866.87298754953,820.7402612225,345598.83077313,842.84612131591,862.106911295,822.80728177484,1.2773978291899e+15,2182688.9779494
2,844.99587142083,866.87530283143,820.74272294038,345597.08544791,842.84842055995,862.10882565149,822.81049656355,1.2773978291899e+15,2182677.9550473
3,845.00016246257,866.87963171238,820.74671461622,345592.22299588,842.85239310284,862.11316650108,822.81571267124,1.2773978291899e+15,2182647.2453934
4,845.00535023175,866.88605144976,820.75113644281,345584.08967057,842.85744004913,862.12080328633,822.82135767699,1.2773978291899e+15,2182595.8779757
5,845.01062980739,866.89458116626,820.75499300877,345573.44154605,842.86282519715,862.13239738322,822.82627859461,1.2773978291899e+15,2182528.6279101
