time,fuel_cP,fuel_k,fuel_temp_avg,fuel_temp_max,fuel_temp_min,heatpipe_surface_temp_avg,hp_heat_integral,mod_temp_avg,mod_temp_max,mod_temp_min,monolith_cP,monolith_k,monolith_temp_avg,monolith_temp_max,monolith_temp_min,power
0,1196.3724244391,35.304003547965,841.0243548729,862.53560839136,814.00277941104,834.58694258203,332923.60861613,840.38535972096,859.91542914413,814.26854165689,1494.5307740758,69.258173591886,838.71574760576,861.38157755727,812.45732903306,345600
1,1196.3725473557,35.303944888011,841.02691080751,862.53635712322,814.00972056869,834.60203207581,327046.62374126,840.38723909942,859.9161245183,814.2757484312,1494.5309825142,69.256317004766,838.72207474734,861.38272368952,812.48290897459,345597.84154887
2,1196.3729610093,35.303827174187,841.03186597875,862.53905583748,814.01987317993,834.61867114031,323847.09012308,840.39134721266,859.91875978917,814.28531885106,1494.5316580863,69.254362068866,838.73132888228,861.38605767976,812.51007515509,345593.71122427
3,1196.3737952367,35.303697568673,841.03787535318,862.54474439854,814.02861817342,834.62999067454,323898.90792663,840.39681515466,859.9245762379,814.29254523161,1494.5329211223,69.253261528369,838.7400005192,861.39166382935,812.52536391114,345585.61805115
4,1196.3751305958,35.303592815447,841.04378079657,862.55412047947,814.03458440894,834.63579854546,325384.4738393,840.40261172492,859.93449711564,814.29677811783,1494.5347833359,69.252925088779,838.74666269609,861.39915100223,812.52987899474,345574.1719175
5,1196.3770179466,35.303522452406,841.04899638406,862.56762293856,814.0383139082,834.63813621653,327003.8453236,840.40806303616,859.94905533276,814.29916881165,1494.5372295083,69.252991660096,838.75135583757,861.40821258243,812.52869280702,345560.63611285
