time,_dt,integrated_power,power_increment,power_limited_dt,power_scaling
0,0,0.01,0,0,437145896.93161
0.01,0.01,0.010023526191926,2.3526191926148e-05,4250.5816629361,437145896.93161
