time,Normalization,Tfuel_avg2,eigenvalue,total_power
0,2.4151052956753e+17,0,1,1000000000
1,2.8806092241324e+17,1149.9999882796,0.99275206362242,1000000000
