time,Normalization,Tfuel_avg2,eigenvalue,total_power
0,2.4151052956754e+17,0,1,1000000000
1,2.8782837855888e+17,1149.9999976822,0.99260433025057,1000000000
