time,TotalPower,eigenvalue,integrated_power,power_scaling
0,350000000,1,350000000,3.6684731541319e+17
1,350000000,1.0714432660144,350000000,3.495297984966e+17
