time,TotalPower,eigenvalue,integrated_power,power_scaling
0,350000000,1,350000000,3.6684731541319e+17
1,350000000,1.0712620024724,350000000,3.5294012265918e+17
