time,TotalPower,eigenvalue,integrated_power,power_scaling
0,350000000,1,350000000,3.6684731541319e+17
1,350000000,1.0714431047294,350000000,3.4290226030679e+17
