time,fuel_temp_avg,fuel_temp_max,fuel_temp_min,integrated_power,mod_temp_avg,mod_temp_max,mod_temp_min,power_scaling,scaled_power_avg
0,844.99249069211,866.87225414833,820.73953532873,345600,842.84541425246,862.1064144516,822.80648802134,1.2773978291899e+15,2182696.3624033
1,844.99248951096,866.87224252559,820.73952039532,345598.52356045,842.84541761735,862.10640414823,822.80647625164,1.2773978291899e+15,2182687.0376948
2,844.99249264415,866.87221484342,820.73948791341,345598.15086321,842.8454279806,862.10637070195,822.80643767194,1.2773978291899e+15,2182684.6838612
3,844.99250046474,866.87216507729,820.73943501924,345597.83360433,842.84544674746,862.10630643307,822.80637157076,1.2773978291899e+15,2182682.6801581
4,844.99251237018,866.87209086968,820.73936359507,345597.52981138,842.84547374082,862.10620982219,822.80628406451,1.2773978291899e+15,2182680.7615013
5,844.99252747079,866.87199279444,820.73927759422,345597.2308994,842.84550803405,862.10608343408,822.80618258814,1.2773978291899e+15,2182678.8736712
