time,fuel_cP,fuel_k,fuel_temp_avg,fuel_temp_max,fuel_temp_min,heatpipe_surface_temp_avg,hp_heat_integral,mod_temp_avg,mod_temp_max,mod_temp_min,monolith_cP,monolith_k,monolith_temp_avg,monolith_temp_max,monolith_temp_min,power
0,1196.3724244391,35.304003547965,841.0243548729,862.53560839136,814.00277941104,834.58694258203,332923.60861613,840.38535972096,859.91542914413,814.26854165689,1494.5307740758,69.258173591886,838.71574760576,861.38157755727,812.45732903306,345600
1,1196.3724225445,35.304004084754,841.02436202073,862.53559402063,814.0026928002,834.58693290994,332923.35419263,840.38537314553,859.91541064601,814.26845770601,1494.5307733912,69.258200572035,838.71573423415,861.38157958286,812.45699544056,345598.50531544
2,1196.3724175259,35.304005234739,841.02437740724,862.5355554017,814.00253624993,834.58691124547,332922.97339832,840.38540316464,859.91535966545,814.26832290872,1494.530771169,69.258239406797,838.7157093501,861.38158351818,812.45649950982,345598.10613714
3,1196.3724086062,35.304006919655,841.02439900858,862.53548689173,814.00232782002,834.58687981074,332922.48652176,840.38544872095,859.91527482414,814.26816319771,1494.5307661883,69.258285659551,838.71567579735,861.38158341008,812.45590052006,345597.75164761
4,1196.3723959164,35.304008999762,841.02442484782,862.53539008033,814.00208395767,834.58684135004,332921.93005444,840.38550738492,859.91516155295,814.2679950339,1494.530757934,69.258335756594,838.71563625405,861.38157476468,812.4552490984,345597.40239066
5,1196.372380047,35.304011336994,841.02445328859,862.53526989431,814.00181872747,834.58679838946,332921.34424178,840.38557640686,859.91502729007,814.26782836051,1494.5307464541,69.258387005922,838.71559294849,861.3815554558,812.45458361645,345597.05190547
