time,Normalization,eigenvalue,total_power
2,2.896844593057e+17,1.0046787335957,1000000000
