time,fuel_cP,fuel_k,fuel_temp_avg,fuel_temp_max,fuel_temp_min,heatpipe_surface_temp_avg,hp_heat_integral,mod_temp_avg,mod_temp_max,mod_temp_min,monolith_cP,monolith_k,monolith_temp_avg,monolith_temp_max,monolith_temp_min,power
0,1196.3724244391,35.304003547965,841.0243548729,862.53560839136,814.00277941104,834.58694258203,332923.60861613,840.38535972096,859.91542914413,814.26854165689,1494.5307740758,69.258173591886,838.71574760576,861.38157755727,812.45732903306,345600
1,1196.3725457973,35.303945627107,841.02687898486,862.53634759559,814.00963282381,834.60184355496,327119.99748389,840.38721580221,859.91611560531,814.27565740304,1494.5309799033,69.256340521481,838.7219955831,861.38270940492,812.48258543122,345597.84983598
2,1196.3730211921,35.303767088254,841.03411361113,862.539388192,814.02708192783,834.63245005703,318336.52309581,840.39297610528,859.91894593068,814.29280810948,1494.5317912307,69.252434281453,838.73694301895,861.38687938364,812.53676727031,345593.2190319
3,1196.3741542448,35.303423344756,841.04821988268,862.54681324749,814.05739848576,834.68092527448,306852.9352136,840.40472600243,859.92589680141,814.32138693067,1494.5337137907,69.246374625041,838.76304155365,861.39630736791,812.62084431937,345581.06253622
4,1196.3762653543,35.302893558079,841.07085653455,862.56084627345,814.10119484871,834.74656448411,293861.05178699,840.42420310724,859.93913259399,814.36135715823,1494.5372822157,69.238421513053,838.80140710646,861.4131996007,812.73104053837,345556.62750738
5,1196.3796341365,35.302176387105,841.10303691167,862.58345428926,814.12771801786,834.82737794058,280350.79874274,840.45259400473,859.96062287244,814.41205816956,1494.5429633312,69.228923737056,838.8520916175,861.43934687146,812.85574995687,345515.15339162
