time,fuel_temp_avg,fuel_temp_max,fuel_temp_min,integrated_power,mod_temp_avg,mod_temp_max,mod_temp_min,power_scaling,scaled_power_avg
0,844.99249069209,866.87225414853,820.73953532854,345600,842.84541425244,862.10641445173,822.8064880211,1.2773978291899e+15,2182696.3624033
1,844.99326931505,866.87297824783,820.74025197297,345598.82693694,842.84611253,862.10690496319,822.80727171747,1.2773978291899e+15,2182688.9537213
2,844.99653939783,866.87582258597,820.74344105148,345597.41403347,842.84900859881,862.10900804882,822.81126695445,1.2773978291899e+15,2182680.030286
3,845.00424881785,866.88266153981,820.75108108755,345591.90623461,842.85597308638,862.11438215217,822.82099412814,1.2773978291899e+15,2182645.244833
4,845.01827752788,866.89554229087,820.76474771019,345578.48988427,842.86888938493,862.12497483213,822.83841324569,1.2773978291899e+15,2182560.5115602
5,845.04013981448,866.91634104137,820.7853243306,345552.92959056,842.88934699933,862.14270561309,822.86468147027,1.2773978291899e+15,2182399.0811201
