time,T_fluid_avg,T_fuel_avg,T_mod_avg,T_solid_avg,Tt_mfr_core_out,Tt_mfr_in,Tt_mfr_out,Tt_normalized_pow,Tt_pow,time_step_pp
0,773.15,900,700,773.15,252.33485276416,-192.69977534233,123.11785397528,0,0,0
0.01,773.15,900,700,773.15,86.611982323528,-173.4297978081,56.869583415037,0,0,0.01
0.05,773.15,900,700,773.15,154.92155962714,-173.4297978081,99.771257151472,0,0,0.04
0.21,773.15,900,700,773.15,187.21563454771,-173.4297978081,120.0497586682,0,0,0.16
0.85,773.14999999554,900,700,773.1499999949,192.52245741576,-173.4297978081,123.38201449603,0,0,0.64
3.41,773.1498033553,900,700,773.14978393211,192.76392310825,-173.4297978081,123.53362948339,0,0,2.56
