time,Decay_heat_tot,FRR_avg,Fiss_power_tot,NI_avg,NXe_avg,T_fuel_avg,T_mod_avg,T_ref_avg,Tt_pow,Tt_pow_check,eigenvalue,flux0_avg,flux1_avg,iodine_yield_avg,power_density_max,power_scaling,scaled_fast_flux_max,scaled_thermal_flux_max,xenon_yield_avg
0,25704000,1.5245216104979e+17,374296000,0,0,900,700,700,400000000,400000000,1,9.0972125609476e+17,9.0972125609476e+17,0,0,2.9898536896588e+18,0,0,0
1,25704000,1.5244890404514e+17,374296000,0.33228066245312,0.069961311140756,900,700,700,400000000,400000000,0.97812617654251,9.4869507187592e+17,9.1709749412722e+17,0.063862452014911,6307002.4191342,3.0283398832533e+18,1.2239880893765e+18,1.6641083271698e+18,0.0043609085076789
