time,Decay_heat_tot,FRR_avg,Fiss_power_tot,NI_avg,NXe_avg,T_fuel_avg,T_mod_avg,T_ref_avg,Tt_pow,Tt_pow_check,eigenvalue,flux0_avg,flux1_avg,iodine_yield_avg,power_density_max,power_scaling,scaled_fast_flux_max,scaled_thermal_flux_max,xenon_yield_avg
0,25704000,1.5245216104979e+17,374296000,0,0,900,700,700,400000000,400000000,1,9.0972125609476e+17,9.0972125609476e+17,0,0,2.9898536896588e+18,0,0,0
1,25704000,1.5249795148687e+17,374296000,0.33222766449169,0.065317669189194,900,700,700,400000000,400000000,0.99522703473861,9.4990289862969e+17,9.0261916500724e+17,0.06386243340557,10929514.174589,3.5124954504118e+18,2.1917113163856e+18,3.146903372054e+18,0.0043604812621792
