time,eigenvalue,fuel_temp_avg,fuel_temp_max,fuel_temp_min,integrated_power,power_scaling,scaled_power_avg
0,0,873.15,873.15,873.15,225000,1.4400036387591e+33,12559575.685913
1,1.1396627002989,1152.6584021829,1253.605292487,986.00894048029,225000,3.2500075895253e+14,12559575.685913
