time,eigenvalue,fuel_temp_avg,fuel_temp_max,fuel_temp_min,integrated_power,power_scaling,scaled_power_avg
0,0,873.15,873.15,873.15,225000.00000001,1.4400036387592e+33,12559575.685914
1,1.1482093293125,1008.1753670632,1210.0250877744,633.44140812226,225000,3.2180451519318e+14,12559575.685913
