time,DP_SubchannelDelta,Mean_Temp,Total_Net_Power_Through_Duct,Total_coolant_power,temp-1,temp-2,temp-3,temp-4,temp-5,temp-6,temp-7,temp-8
0,0,0,-48334.268257796,0,0,0,0,0,0,0,0,0
1,442498.63867908,708.06353246885,-48334.268257796,1952781.0683808,700.03076524403,709.66491254583,716.37153489539,720.20355624988,720.20359555669,717.54164704218,707.80277060378,700.01040903287
