time,DP_SubchannelDelta,Mean_Temp,Total_Net_Power_Through_Duct,Total_coolant_power,temp-1,temp-2,temp-3,temp-4,temp-5,temp-6,temp-7,temp-8
0,0,0,-57244.157287273,0,0,0,0,0,0,0,0,0
1,442497.58803691,707.81972053155,-57244.157287273,1944114.6159975,699.75478342997,709.56377899379,716.34993692022,720.18857283296,720.18858527018,717.53560357142,707.67392034962,699.75160575774
