time,DP_SubchannelDelta,Mean_Temp,Total_Net_Power_Through_Duct,Total_coolant_power,temp-1,temp-2,temp-3,temp-4,temp-5,temp-6,temp-7,temp-8
0,0,0,-50076.784265143,0,0,0,0,0,0,0,0,0
1,442498.57327956,708.01555165704,-50076.784265143,1951076.1839881,700.29028282486,709.64032960919,716.35044842877,720.17505280401,720.17492800447,717.53909871678,707.78364216918,700.27246697854
