time,DP_SubchannelDelta,Mean_Temp,Total_Net_Power_Through_Duct,Total_coolant_power,temp-1,temp-2,temp-3,temp-4,temp-5,temp-6,temp-7,temp-8
0,0,0,-48339.807238857,0,0,0,0,0,0,0,0,0
1,442498.56450407,708.06335711144,-48339.807238857,1952774.8570523,700.02711363739,709.66749219718,716.37045651656,720.192631241,720.19262105743,717.54447406506,707.80762278755,700.00642612915
