time,DP_SubchannelDelta,Mean_Temp,Total_Net_Power_Through_Duct,Total_coolant_power,temp-1,temp-2,temp-3,temp-4,temp-5,temp-6,temp-7,temp-8
0,0,0,-50764.234588542,0,0,0,0,0,0,0,0,0
1,442498.3751519,707.99693693007,-50764.234588542,1950414.1408235,700.23672475248,709.63242542167,716.3598314571,720.18578733005,720.18580534478,717.54141267063,707.7672842958,700.22248273737
