time,eigenvalue,power_scaling
0,0,7.3656962014668e+33
1,0.63957021051724,4.0816402416934e+16
