time,ext_side_integral,fuel_cP,fuel_k,fuel_temp_avg,fuel_temp_max,fuel_temp_min,heatpipe_surface_temp_avg,hp_end_heat_integral,hp_heat_integral,mirror_side_integral,mod_temp_avg,mod_temp_max,mod_temp_min,monolith_cP,monolith_k,monolith_temp_avg,monolith_temp_max,monolith_temp_min,power,tb_integral,total_sink
-50000,-1.7698544755182e-14,0,0,0,0,0,0,-4.6515020609643e-12,-9.6521740432235e-08,5.8305301344536e-10,0,0,0,0,0,0,0,0,538343.31711912,-1.2634888180352e-10,-9.6069705501199e-08
-49999.9,-2756.6851069205,837.808,55.96026923536,50.695435748899,307.11879636178,30.088761248054,53.74529439399,22556.358881184,860376.61388986,1298.0175960314,49.362075845564,278.52245282511,31.00338457735,897.2,113.4651406386,49.08491333547,313.32081727511,25.293922368435,538343.31711912,-363131.26367879,518343.04158136
-49999.7,-2756.6851069205,837.808,55.96026923536,50.695435748899,307.11879636178,30.088761248054,53.74529439399,22556.358881184,860376.61388986,1298.0175960314,49.362075845564,278.52245282511,31.00338457735,897.2,113.4651406386,49.08491333547,313.32081727511,25.293922368435,538343.31711912,-363131.26367879,518343.04158136
