time,eigenvalue,fuel_temp_avg,fuel_temp_max,fuel_temp_min,integrated_power,mod_temp_avg,mod_temp_max,mod_temp_min,power_scaling,scaled_power_avg
0,0,900.00000000002,900,900,345599.99999997,900,900,900,2.382283916711e+32,2182696.362403
1,0.72325256400067,900.00000000002,900,900,345600,900,900,900,1.5681206028123e+15,2182696.3624032
