time,eigenvalue,fuel_temp_avg,fuel_temp_max,fuel_temp_min,integrated_power,mod_temp_avg,mod_temp_max,mod_temp_min,power_scaling,scaled_power_avg
0,0,0,0,0,345600,0,0,0,2.4080383370391e+32,2182696.3624031
1,1.0855028441027,842.43070664687,866.48149003895,817.72882491389,345600,841.2768190945,863.25833688758,819.30194571196,1.2151705293223e+15,2182696.3624031
