time,2Dreceiver_temperature_in,2Dreceiver_temperature_out,2Dreceiver_velocity_in,2Dsource_pressure_in,2Dsource_pressure_out,2Dsource_temperature_in,2Dsource_temperature_out,2Dsource_velocity_in,2Dsource_velocity_out,Tfluid_pebble_avg,Tfluid_pebble_max,Tsolid_brick_avg,Tsolid_brick_max,Tsolid_core_barrel_avg,Tsolid_core_barrel_max,Tsolid_pebble_avg,Tsolid_pebble_max,Tsolid_reflector_avg,Tsolid_reflector_max,Tsolid_rpv_avg,Tsolid_rpv_max,core_pressure_in,core_pressure_out,dpdz_core,mflow_core_in,mflow_core_out,pebble_bed_volume,total_power
-200000,523.15,0,0,7000000,7000000,523.15,523.15,-2,-2,523.15,523.15,523.15,523.15,523.15,523.15,523.15,523.15,523.15,523.15,523.15,523.15,7000000,7000000,0,-89.49674903767,89.49674903767,77.754418176347,250000000.03158
0,523.15000000625,1025.6031051195,-2.118195374344,133143.29949027,0,523.15000001558,1025.6031051988,-2.1181953850255,-4.1103722236299,781.96929899982,1084.4445340282,615.03859039255,824.81866260473,550.02948060729,661.65554047777,802.59000265593,1091.7691942716,695.73700631753,1023.8410960857,467.58682358558,527.26295823596,133143.29949027,0,-9578.654639588,-94.803557942585,94.749665876448,77.754418176347,249999989.06615
