time,2Dreceiver_temperature_in,2Dreceiver_temperature_out,2Dreceiver_velocity_in,2Dsource_pressure_in,2Dsource_pressure_out,2Dsource_temperature_in,2Dsource_temperature_out,2Dsource_velocity_in,2Dsource_velocity_out,Tfluid_pebble_avg,Tfluid_pebble_max,Tsolid_brick_avg,Tsolid_brick_max,Tsolid_core_barrel_avg,Tsolid_core_barrel_max,Tsolid_pebble_avg,Tsolid_pebble_max,Tsolid_reflector_avg,Tsolid_reflector_max,Tsolid_rpv_avg,Tsolid_rpv_max,core_pressure_in,core_pressure_out,dpdz_core,mflow_core_in,mflow_core_out,pebble_bed_volume,total_power
-200000,523.15,0,0,7000000,7000000,523.15,523.15,-2,-2,523.15,523.15,523.15,523.15,523.15,523.15,523.15,523.15,523.15,523.15,523.15,523.15,7000000,7000000,0,-89.49674903767,89.49674903767,77.754418176347,250000000.03158
0,523.43400508818,1016.3801818742,-2.1265619391926,133420.02016609,0,523.43414229078,1016.3801817137,-2.1265624026953,-4.0885604243634,779.73378426487,1083.4139234951,497.67344247069,511.12122423883,453.77605032014,458.08609456519,800.050556466,1090.7316830987,557.90261987591,955.6307618102,413.28690438409,416.47420015972,133420.02016609,0,-9598.5626018767,-95.128663855979,95.132440995145,77.754418176347,249999989.06615
