time,2Dreceiver_temperature_in,2Dreceiver_temperature_out,2Dreceiver_velocity_in,2Dsource_pressure_in,2Dsource_pressure_out,2Dsource_temperature_in,2Dsource_temperature_out,2Dsource_velocity_in,2Dsource_velocity_out,Tfluid_pebble_avg,Tfluid_pebble_max,Tsolid_brick_avg,Tsolid_brick_max,Tsolid_core_barrel_avg,Tsolid_core_barrel_max,Tsolid_pebble_avg,Tsolid_pebble_max,Tsolid_reflector_avg,Tsolid_reflector_max,Tsolid_rpv_avg,Tsolid_rpv_max,core_pressure_in,core_pressure_out,dpdz_core,mflow_core_in,mflow_core_out,pebble_bed_volume,total_power
-200000,523.15,0,0,7000000,7000000,523.15,523.15,-2,-2,523.15,523.15,523.15,523.15,523.15,523.15,523.15,523.15,523.15,523.15,523.15,523.15,7000000,7000000,0,-89.49674903767,89.49674903767,77.754418176347,250000000.03158
0,523.14999999757,1027.373913149,-2.1183390310179,131707.13590668,0,523.14999999392,1027.3739132291,-2.1183390436615,-4.1177137139348,783.67545562655,1084.7814395142,615.79265250169,826.01373769631,550.64306600352,662.38872583076,804.3376738251,1092.1043524199,696.87627497764,1025.5709078047,467.91440711088,527.61527988382,131707.13590668,0,-9475.3335184665,-94.809987641117,94.756531794908,77.754418176347,249999989.06615
