time,2Dreceiver_temperature_in,2Dreceiver_temperature_out,2Dreceiver_velocity_in,2Dsource_pressure_in,2Dsource_pressure_out,2Dsource_temperature_in,2Dsource_temperature_out,2Dsource_velocity_in,2Dsource_velocity_out,Tfluid_pebble_avg,Tfluid_pebble_max,Tsolid_brick_avg,Tsolid_brick_max,Tsolid_core_barrel_avg,Tsolid_core_barrel_max,Tsolid_pebble_avg,Tsolid_pebble_max,Tsolid_reflector_avg,Tsolid_reflector_max,Tsolid_rpv_avg,Tsolid_rpv_max,core_pressure_in,core_pressure_out,dpdz_core,mflow_core_in,mflow_core_out,pebble_bed_volume,total_power
-200000,523.15,0,0,7000000,7000000,523.15,523.15,1,1,523.15,523.15,523.15,523.15,523.15,523.15,523.15,523.15,523.15,523.15,523.15,523.15,7000000,7000000,0,44.748374518835,-44.748374518835,77.754418176347,250000000.03158
-199999.995,523.14999999834,781.40672088824,-2.1119694172223,55905.982593884,0,523.15000000186,-6.7652179612582e-50,3.0055496843784e-52,-2.4855370303129,523.11718480277,523.60177049247,523.15000000556,523.15000249642,523.14999999958,523.15000000341,523.15854832181,523.16202172256,523.15004836356,523.18773217838,523.1500000001,523.15000000372,55905.982593884,0,-4022.0131362507,1.3451865945595e-50,116.26610976569,77.754418176347,249999989.06615
-199999.99,523.14999999739,778.96093197936,-2.0666488665649,193808.37507828,0,523.15000002872,-43.234970222155,-2.1119694172223,-2.2711870211107,523.08766086901,524.12519774068,523.1500000113,523.15000517411,523.14999984356,523.15000011016,523.16708063064,523.17403737627,523.15009900241,523.23829552979,523.14998360878,523.15001190982,193808.37507828,0,-13943.048566782,-94.524903806921,106.23944695831,77.754418176347,249999989.06615
