time,2Dreceiver_temperature_in,2Dreceiver_temperature_out,2Dreceiver_velocity_in,2Dsource_pressure_in,2Dsource_pressure_out,2Dsource_temperature_in,2Dsource_temperature_out,2Dsource_velocity_in,2Dsource_velocity_out,Tfluid_pebble_avg,Tfluid_pebble_max,Tsolid_brick_avg,Tsolid_brick_max,Tsolid_core_barrel_avg,Tsolid_core_barrel_max,Tsolid_pebble_avg,Tsolid_pebble_max,Tsolid_reflector_avg,Tsolid_reflector_max,Tsolid_rpv_avg,Tsolid_rpv_max,core_pressure_in,core_pressure_out,dpdz_core,mflow_core_in,mflow_core_out,pebble_bed_volume,total_power
-200000,523.15,0,0,7000000,7000000,523.15,523.15,-2,-2,523.15,523.15,523.15,523.15,523.15,523.15,523.15,523.15,523.15,523.15,523.15,523.15,7000000,7000000,0,-89.49674903767,89.49674903767,77.754418176347,250000000.03158
0,523.15000000008,1025.6031117312,-2.1181953761202,133143.30080931,0,523.14999999237,1025.6031118103,-2.1181953871799,-4.1103719165535,781.96931215017,1084.444526399,615.0414186265,824.81593103041,550.03084098686,661.6532337315,802.59001583536,1091.7691864876,695.73841464542,1023.8410545778,467.5880325775,527.26150616469,133143.30080931,0,-9578.6547344828,-94.803558043023,94.74965820798,77.754418176347,249999989.06615
