time,2Dreceiver_temperature_in,2Dreceiver_temperature_out,2Dreceiver_velocity_in,2Dsource_pressure_in,2Dsource_pressure_out,2Dsource_temperature_in,2Dsource_temperature_out,2Dsource_velocity_in,2Dsource_velocity_out,Tfluid_pebble_avg,Tfluid_pebble_max,Tsolid_brick_avg,Tsolid_brick_max,Tsolid_core_barrel_avg,Tsolid_core_barrel_max,Tsolid_pebble_avg,Tsolid_pebble_max,Tsolid_reflector_avg,Tsolid_reflector_max,Tsolid_rpv_avg,Tsolid_rpv_max,core_pressure_in,core_pressure_out,dpdz_core,mflow_core_in,mflow_core_out,pebble_bed_volume,total_power
-200000,523.15,0,0,7000000,7000000,523.15,523.15,-2,-2,523.15,523.15,523.15,523.15,523.15,523.15,523.15,523.15,523.15,523.15,523.15,523.15,7000000,7000000,0,-89.49674903767,89.49674903767,77.754418176347,250000000.03158
0,523.43452182284,1016.490132557,-2.1262761412897,133396.62237618,0,523.43466839842,1016.4901324245,-2.1262767017259,-4.0884466026676,779.79009133958,1083.4812789414,497.68914289511,511.158459095,453.78708878517,458.09750734432,800.11006088912,1090.7995114876,558.01803551809,955.94435322081,413.29560291276,416.48304538324,133396.62237618,0,-9596.8793076386,-95.115792032209,95.119458408662,77.754418176347,249999989.06615
