time,HeatInCore,Tf_HX_in,Tf_HX_out,Tf_chimney_in,Tf_chimney_out,Tf_downcomer_in,Tf_downcomer_out,Tf_riser_in,Tf_riser_out,mflow_HX_primary,mflow_rccs,IHX-junc-in:pressure,IHX-junc-in:rho,IHX-junc-in:temperature,IHX-junc-in:velocity,IHX-junc-out:pressure,IHX-junc-out:rho,IHX-junc-out:temperature,IHX-junc-out:velocity,junc-downcomer-horizontal:pressure,junc-downcomer-horizontal:rho,junc-downcomer-horizontal:temperature,junc-downcomer-horizontal:velocity,junc-horizontal-riser:pressure,junc-horizontal-riser:rho,junc-horizontal-riser:temperature,junc-horizontal-riser:velocity,junc-riser-chimney:pressure,junc-riser-chimney:rho,junc-riser-chimney:temperature,junc-riser-chimney:velocity,pool:level,pool:pressure,pool:rho,pool:temperature,pool:velocity,pool:volume
-200000,0,303.15,303.15,303.15,303.15,303.15,303.15,303.15,303.15,3.6270808994476,1.6918773795493,100000,991.791556,303.15,0.01,100000,991.82359822,303,0.01,100000,991.791556,303.15,0.01,100000,991.791556,303.15,0.01,100000,991.791556,303.15,0.01,10,100000,991.82359822,303,0,300
-199999.9,-1.4872312021907e-06,303.14696073741,303.14695803143,303.14999999742,303.14999999213,303.14999999674,303.14998974565,303.14999999959,303.14999999759,2.6970907519235,0.030986736773814,213054.37962793,991.79240431728,303.14602875233,0.015941850775573,222898.91383781,991.7922058452,303.14695786434,0.0074032484666787,480804.21935161,991.79155600062,303.14999999709,0.00018315001517134,480901.58201197,991.79155599971,303.15000000135,0.00018315001517319,319132.07871654,991.79155600004,303.14999999982,0.00018315001516594,9.999999960028,198523.67266563,991.82359821981,303.00000000091,-3.9898637366607e-07,299.99999880084
-199999.775,-3.3598189475015e-07,303.14324816557,303.14323847343,303.14999999623,303.14999998857,303.14999999241,303.14997692826,303.14999999942,303.14999999651,2.6443853192695,0.030986707281368,213149.97296569,991.79342942692,303.14122988239,0.015630289405327,222804.58013811,991.79300036215,303.14323847343,0.0072590825260261,485014.67752337,991.7915560009,303.14999999579,0.00018314984085702,484960.58714114,991.79155599958,303.15000000195,0.00018314984085678,320646.67225312,991.79155600005,303.14999999974,0.00018314984085719,9.9999999112508,198523.73548142,991.82359821972,303.00000000133,-3.849388145671e-07,299.99999733752
