time,Fuel_avg_Temp,Fuel_core_avg_Temp,Fuel_core_max_Temp,Fuel_max_Temp,Leakage,Mod_avg_Temp,Mod_max_Temp,absorption_RR,eigenvalue,fission_RR,ngamma_RR,nufission_RR,power_scaling,total_power
0,923,923,923,923,0,923,923,0,1,0,0,0,3.6314052241871e+15,5000000
1,920.22621294746,923.21853508923,960.7362744176,960.7362744176,35.421227843149,915.89002381684,928.00064747902,64.473495398564,1.0236560388857,41.582551687666,22.347261498257,101.34963586497,3.8789580186289e+15,5000000
2,920.22621294746,923.21853508923,960.7362744176,960.7362744176,35.421227843149,915.89002381684,928.00064747902,64.473495398564,1.0236560388857,41.582551687666,22.347261498257,101.34963586497,3.8789580186289e+15,5000000
