time,avg_tcool,avg_tfuel,disp_x_max,disp_y_max,disp_z_max,eigenvalue,max_tcool,max_tfuel,min_tcool,min_tfuel,power_scaling,ptot
0,700,900,0.0004951650153862,0,0.00060875170136209,1,700,900,700,900,3.3440481798381e+16,4545454.5
1,711.42966460504,816.08069480745,0.0004951650153862,0.011181550097186,0.00060875170136209,1.5454628330466,774.06828980006,914.51943057312,623.15,749.98824511955,1.2192175488619e+16,4545454.5
