time,disp_x_max,disp_y_max,strain_xx,strain_yy
0,0,0,0,0
1,0.00062401124537785,0.00062401124537786,0.01000008565554,0.01000008565554
