time,disp_x_max,disp_y_max,strain_xx,strain_yy
0,0,0,0,0
1,0.00061000522504523,0.00061000522504522,0.010000085656479,0.010000085656479
