time,EHX_T_in,EHX_T_out,EHX_V_in,EHX_V_out,R1_max,R2C11_T_in,R2C11_T_out,R2C11_V_in,R2C11_V_out,R2_11L_max,R2_11R_max,R2_1L_max,R2_1R_max,R3C11_T_in,R3C11_T_out,R3C11_V_in,R3C11_V_out,R3_11L_max,R3_11R_max,R3_1L_max,R3_1R_max,R4C11_T_in,R4C11_T_out,R4C11_V_in,R4C11_V_out,R4_11L_max,R4_11R_max,R4_1L_max,R4_1R_max,R5_max,R6C_T_in,R6C_T_out,R6C_V_in,R6C_V_out,R6_max,R7_max,RCCS_avG_tmp_AC,RCCS_avG_tmp_LP,RCCS_avG_tmp_UP,RCCS_max
-259200,623.15,623.15,15,15,623.15,623.15,623.15,-30,-30,623.15,623.15,623.15,623.15,623.15,623.15,-30,-30,623.15,623.15,623.15,623.15,623.15,623.15,-30,-30,623.15,623.15,623.15,623.15,623.15,623.15,623.15,15,15,623.15,623.15,450,450,450,450
-259190.875,623.84543799041,623.14997487983,7.0943016751638,7.0867496464018,626.20563093519,656.89819567893,625.26056864441,-27.620046119377,-26.262964335928,677.64320542911,677.627690266,655.47734012468,669.8472587822,657.2201127827,625.19096401419,-27.633553973748,-26.260109258359,677.64680596616,677.65210864227,677.62767630683,677.60783329434,640.23796853616,624.70400940781,-27.259615244386,-26.587355146855,664.7820395432,650.85580555961,677.6521126223,677.65752625288,627.80468860712,623.14998870503,623.14998495039,26.20072639371,26.200726273455,623.14999999948,623.14995535959,449.32395253142,449.3239525314,449.32395253138,451.00600958123
