time,dt_limit,eigenvalue,power,power_scaling
0,0.1,1,25000,3.0506783940494
1,0.1,1.1441176958145,25000,268.99573974004
