time,ext_side_integral,fuel_cP,fuel_k,fuel_temp_avg,fuel_temp_max,fuel_temp_min,heatpipe_surface_temp_avg,hp_end_heat_integral,hp_heat_integral,mirror_side_integral,mod_temp_avg,mod_temp_max,mod_temp_min,monolith_cP,monolith_k,monolith_temp_avg,monolith_temp_max,monolith_temp_min,power,tb_integral,total_sink
-50000,-3.0556526349289e-13,0,0,0,0,0,0,1.8440921344409e-12,-4.8631328550623e-08,2.6782347447555e-10,0,0,0,0,0,0,0,0,538343.31711915,-9.4599265967622e-11,-4.8456565815244e-08
-25000,-2384.3527420389,729.29799341094,34.788476807508,51.153359944522,297.89196976625,21.421492204606,50.851061809156,19094.466729997,804062.19698224,1193.7972774364,48.814905696523,266.29735388586,24.129946165083,902.9738372093,53.967529411765,48.2633007264,304.70295448422,2.0951728107612,538343.31711915,-315297.75066718,506668.35758046
0,-2384.3527419988,729.29799341094,34.788476807508,51.153359944103,297.89196977862,21.421492213925,50.851061809294,19094.466729701,804062.19694251,1193.7972762917,48.814905688558,266.29735372155,24.129946036716,902.9738372093,53.967529411765,48.263300726365,304.70295449174,2.0951728156904,538343.31711915,-315297.75066107,506668.35754543
