time,ext_side_integral,fuel_cP,fuel_k,fuel_temp_avg,fuel_temp_max,fuel_temp_min,heatpipe_surface_temp_avg,hp_end_heat_integral,hp_heat_integral,mirror_side_integral,mod_temp_avg,mod_temp_max,mod_temp_min,monolith_cP,monolith_k,monolith_temp_avg,monolith_temp_max,monolith_temp_min,power,tb_integral,total_sink
-50000,-3.0556526349289e-13,0,0,0,0,0,0,1.8440921344409e-12,-4.8631328550623e-08,2.6782347447555e-10,0,0,0,0,0,0,0,0,538343.31711912,-9.4599265967621e-11,-4.8456565815244e-08
-49000,-71.831888025728,815.06400812556,34.788476807508,98.808107905866,491.54228533563,47.241453891646,97.911699927012,22606.176812054,1575548.8124811,-233.3979364468,96.345007969556,419.47175416638,54.165630188981,1148.5569435301,53.967529411765,96.440610250544,510.28367833515,17.13091360631,538343.31711912,-211256.08736623,1386593.6721025
-48000,-205.72599550614,743.01400838041,34.788476807508,60.037234536923,401.29024132397,21.298616136424,60.477207600709,20582.829799285,958963.04323905,934.10036279571,56.418118191406,341.92735081484,24.426521110828,949.29979653585,53.967529411765,58.527020594118,416.2570133512,0.65738291483019,538343.31711912,-261686.10320721,718588.14419841
