time,ext_side_integral,fuel_cP,fuel_k,fuel_temp_avg,fuel_temp_max,fuel_temp_min,heatpipe_surface_temp_avg,hp_end_heat_integral,hp_heat_integral,mirror_side_integral,mod_temp_avg,mod_temp_max,mod_temp_min,monolith_cP,monolith_k,monolith_temp_avg,monolith_temp_max,monolith_temp_min,power,tb_integral,total_sink
-50000,-1.1547348322535e-13,0,0,0,0,0,0,1.742124723073e-12,-6.5261351406874e-08,-7.985272381355e-10,0,0,0,0,0,0,0,0,538343.31711912,-9.456064786062e-11,-6.6152812641631e-08
-49000,-71.837826752064,813.7886349515,34.418910203654,98.69628741389,489.55538618841,47.377134944742,97.93554904654,22851.799938633,1579308.081779,-240.63930175765,96.217356369312,416.79768116393,54.315543591677,1145.9644762752,53.967529411765,96.313612610327,508.40610146844,17.477246595192,538343.31711912,-211833.42725966,1390013.9773294
-48000,-205.74682511559,741.82597078769,34.418910203654,59.927039040772,399.27610584581,21.422280859296,60.48913419923,20755.266768322,962285.1089658,930.30041370312,56.293069332602,339.34131951218,24.548248129877,946.97174216722,53.967529411765,58.406361787131,414.33610925649,0.97023090145004,538343.31711912,-262359.42182647,721405.50749623
