time,ext_side_integral,fuel_cP,fuel_k,fuel_temp_avg,fuel_temp_max,fuel_temp_min,heatpipe_surface_temp_avg,hp_end_heat_integral,hp_heat_integral,mirror_side_integral,mod_temp_avg,mod_temp_max,mod_temp_min,monolith_cP,monolith_k,monolith_temp_avg,monolith_temp_max,monolith_temp_min,power,tb_integral,total_sink
-50000,-3.0556526349289e-13,0,0,0,0,0,0,1.8440921344409e-12,-6.7431017485024e-08,2.7332719818685e-10,0,0,0,0,0,0,0,0,538343.31711912,-9.4599265967621e-11,-6.7250751025934e-08
-25000,-2440.0502636043,837.808,55.96026923536,49.248410100157,275.58410617324,28.750170497426,51.243891809756,19955.264044904,823146.38037064,1426.7430480303,47.990393632225,250.43820342672,29.609800492835,897.2,113.4651406386,47.56883597352,280.93596335281,24.117493479641,538343.31711912,-321920.88655264,520167.45064734
0,-2440.0502636043,837.808,55.96026923536,49.248410100157,275.58410617324,28.750170497426,51.243891809756,19955.264044904,823146.38037064,1426.7430480303,47.990393632225,250.43820342672,29.609800492835,897.2,113.4651406386,47.56883597352,280.93596335281,24.117493479641,538343.31711912,-321920.88655264,520167.45064734
