time,ext_side_integral,fuel_cP,fuel_k,fuel_temp_avg,fuel_temp_max,fuel_temp_min,heatpipe_surface_temp_avg,hp_end_heat_integral,hp_heat_integral,mirror_side_integral,mod_temp_avg,mod_temp_max,mod_temp_min,monolith_cP,monolith_k,monolith_temp_avg,monolith_temp_max,monolith_temp_min,power,tb_integral,total_sink
-50000,-4.1286967333464e-13,0,0,0,0,0,0,1.585704225782e-12,-5.2307130769145e-08,-4.7861060974959e-10,0,0,0,0,0,0,0,0,538343.31711915,-6.2713634423498e-11,-5.2847282178765e-08
-49000,-71.791130201164,815.30421801823,34.418910203654,98.817925114532,491.74111494995,47.094912987023,97.901035627143,22598.756595523,1575336.7393685,-237.04256731257,96.338883158389,419.50683114535,54.06139622554,1148.8948134709,53.967529411765,96.434817429759,510.43014187384,17.030225610315,538343.31711915,-211225.30680138,1386401.3554652
-48000,-205.62040734096,743.12738487802,34.418910203654,60.045869756477,401.49843866937,21.176205817286,60.472092680855,20577.530619599,958843.55851221,932.26944702268,56.411717111353,341.99255928876,24.330689005102,949.49710136126,53.967529411765,58.524790080111,416.42443996107,0.57196223023195,538343.31711915,-261645.4796049,718502.25856659
