time,eigenvalue,fuel_temp_avg,fuel_temp_max,fuel_temp_min,integrated_power,mod_temp_avg,mod_temp_max,mod_temp_min,power_scaling,scaled_power_avg
0,0,0,0,0,345599.99999999,0,0,0,2.3790636163117e+32,2182696.3624032
1,1.0500662765606,844.9924906921,866.87225414824,820.73953532843,345600,842.84541425246,862.10641445141,822.80648802111,1.2164925754725e+15,2182696.3624033
