time,eigenvalue,fuel_temp_avg,fuel_temp_max,fuel_temp_min,integrated_power,mod_temp_avg,mod_temp_max,mod_temp_min,power_scaling,scaled_power_avg
0,0,0,0,0,345600,0,0,0,2.3790636163116e+32,2182696.3624031
1,1.0501559059163,842.40740824349,862.25002289741,820.18616168713,345600,841.22741107072,859.26280476587,821.80204422102,1.2163992562645e+15,2182696.3624031
