time,fuel_cP,fuel_k,fuel_temp_avg,fuel_temp_max,fuel_temp_min,heatpipe_surface_temp_avg,hp_heat_integral,mod_temp_avg,mod_temp_max,mod_temp_min,monolith_cP,monolith_k,monolith_temp_avg,monolith_temp_max,monolith_temp_min,power_density,total_evap_heat_exam
-20000,0,0,0,0,0,0,4.6307765968693e-08,0,0,0,0,0,0,0,0,533118.71902011,0
-19950,1077.5047127449,23.815344175017,823.60302859519,828.63210095816,806.39449304374,819.78359919913,-6656.7745858321,821.11290799691,825.23814637153,807.8709116256,1633.305420189,35.818500806851,821.4999200482,827.25362240771,805.18167007684,533118.71902011,0
-19900,1084.4447338451,23.755075842236,836.71948254763,845.80099418047,810.14079493789,830.6376170243,-182735.30846074,834.33575321058,841.79446688769,812.27164492821,1647.9176160654,35.725010444749,833.77645825967,844.34715726448,808.40094337514,533118.71902011,-196376.48834355
