time,T_cond_inner,T_cond_outer,T_evap_inner,T_evap_outer
-30000,800,800,800,800
-29950,800,800,800,800
-29900,801.48957191398,800.01575435499,807.08042918523,807.86921256558
