time,ext_side_integral,fuel_cP,fuel_k,fuel_temp_avg,fuel_temp_max,fuel_temp_min,heatpipe_surface_temp_avg,hp_end_heat_integral,hp_heat_integral,mirror_side_integral,mod_temp_avg,mod_temp_max,mod_temp_min,monolith_cP,monolith_k,monolith_temp_avg,monolith_temp_max,monolith_temp_min,power,tb_integral,total_sink
-50000,-3.0556526349289e-13,0,0,0,0,0,0,1.8440921344409e-12,-6.7431017485024e-08,2.7332719818685e-10,0,0,0,0,0,0,0,0,345600,-9.4599265967621e-11,-6.7250751025934e-08
-40000,56.080979266945,1192.7738164387,35.550759115885,825.47760595993,841.48564890314,805.98390557273,820.05705899262,-551.82530748595,336817.62576747,1467.2198806169,824.69909161381,838.88628346245,806.20205001539,1488.448725632,69.82717855104,823.33712491617,840.36913110951,804.55409043044,345600,4695.4297426247,342484.53106249
-30000,97.475393878675,1196.4708960798,35.29867939757,841.22020828602,863.20852068036,813.97243221314,834.7307337885,-996.85714928445,332855.80088968,1524.4170061739,840.62965849994,860.59539627027,814.28549665989,1494.698415626,69.266405082172,838.86469810296,862.05701487801,812.37516203701,345600,9646.031399096,343126.86753955
-20000,96.592462934805,1196.3509824129,35.304071785565,841.00783010558,862.395674965,814.04010687229,834.58408551621,-992.01848738284,332925.77275586,1503.350563382,840.3548199334,859.76695063565,814.29331704487,1494.4936288111,69.253592041598,838.71285785465,861.23255140256,812.51264438685,345600,9561.6069079815,343095.30420278
-10000,96.54218280219,1196.3790349721,35.304380740406,841.03357313591,862.57964395767,813.97913857088,834.58719253206,-991.7580783961,332924.92553871,1513.1237998029,840.40316299986,859.96118713409,814.25427745,1494.5432661051,69.261512134958,838.71606540931,861.43295470734,812.41722620262,345600,9563.1755663357,343106.00900926
0,96.602617723746,1196.37242444,35.304003547833,841.02435487285,862.53560839818,814.00277940584,834.58694258201,-991.88324108164,332923.60862277,1508.445816893,840.38535972101,859.91542915072,814.26854165164,1494.5307740772,69.258173592375,838.71574760562,861.38157756373,812.45732902601,345600,9564.2034763957,343100.9772927
