time,ext_side_integral,fuel_cP,fuel_k,fuel_temp_avg,fuel_temp_max,fuel_temp_min,heatpipe_surface_temp_avg,hp_end_heat_integral,hp_heat_integral,mirror_side_integral,mod_temp_avg,mod_temp_max,mod_temp_min,monolith_cP,monolith_k,monolith_temp_avg,monolith_temp_max,monolith_temp_min,power,tb_integral,total_sink
-50000,9.4972668968989e-14,0,0,0,0,0,0,4.1494603018568e-12,-6.9622647712767e-08,4.2475043532963e-10,0,0,0,0,0,0,0,0,345600,-1.1300474824716e-10,-6.9306657592714e-08
-40000,52.91120590772,1084.3271993405,24.04620656728,827.44860218455,845.50851322934,805.89475949767,820.06536915064,-533.46982899617,336383.34144917,1309.5924027833,825.92520438058,841.35975124229,806.11748006412,1647.6038260513,35.834664782514,824.19907450446,844.08074746818,803.85289435514,345600,4556.149877762,341768.52510663
-30000,92.176699310784,1093.0137351437,23.924048346997,843.23717966253,867.8828702756,813.59032392657,834.6884800598,-960.51399129575,332809.37481245,1360.2949608129,841.9819033132,863.69217816779,813.96429128418,1665.885989732,35.623446865229,839.68624560827,866.39626987192,811.30183563673,345600,9336.3373913662,342637.66987264
-20000,91.41135263652,1092.7459930937,23.926398313969,843.05082192599,867.17964192951,813.58728880063,834.57819869979,-957.16606224001,332860.93286604,1344.9341518821,841.7253956298,862.99247266796,813.99444792456,1665.3171477656,35.616277706596,839.56989925311,865.68399563436,811.48732094361,345600,9271.5805747733,342611.69288309
-10000,91.354927041487,1092.7818919421,23.926573769304,843.07427081833,867.2728134077,813.57924156792,834.57962873227,-956.94428729969,332861.23605606,1350.8830191738,841.76945149167,863.08540401689,813.96558777556,1665.398837521,35.619314709208,839.57181424433,865.7882266799,811.40242678122,345600,9271.7896630466,342618.31937802
0,91.403957683066,1092.7827035559,23.92641997164,843.06691154117,867.27564614806,813.58727884415,834.57975765646,-957.02921034269,332859.97513895,1348.5523825626,841.75543730946,863.08797325223,813.97358380247,1665.3967105339,35.61824296124,839.57176680723,865.78426022483,811.43216037346,345600,9272.8699579599,342615.77222681
