time,eigenvalue,fuel_temp_avg,fuel_temp_max,fuel_temp_min,integrated_power,mod_temp_avg,mod_temp_max,mod_temp_min,power_scaling,scaled_power_avg
0,0,0,0,0,345600,0,0,0,2.3790636163116e+32,2182696.3624031
1,1.0758833336687,845.44122737334,872.8852543109,818.51863067933,345600,843.34241263574,867.61068719095,820.54659920495,1.2249984278361e+15,2182696.3624031
