time,Barrel_Temp,Heatflux_RCCS,Inlet_Temperature_BC,Max_CFL,New_Dt,Num_Picards,Outlet_Pressure_BC,Outlet_Pressure_PH,Outlet_Temperature_PH,Outlet_Velocity_PH,Outlet_Velocity_y,Reflector_Temp,Tfluid_bottom,Tfluid_core,Tfluid_diode,Tfluid_downcomer,Tfluid_upper,Vessel_Temp,dt,inlet_area,inlet_mdot,mass_flow_1,mass_flow_2,mass_flow_3,mass_flow_in,mass_flow_out,total_power
0,840.26633043645,1050.5413261273,823.15,150503.63055082,13785.8,0,200000,200000,921.90592988181,0.40139803152236,0.29719953609231,880.88923597666,823.14996996346,890.36747865286,823.14999928687,823.149974934,898.261174797,313.12016469601,6892.9,2.4001767873426,1173,-184.97955682314,-184.97955682314,-136.9801406839,-1172.8253251755,1172.8255251956,280000000
503233.22363601,840.27963395778,1041.7677489015,823.15,150503.62763451,20000,0,200000,200000,921.90593402797,0.40139803152098,0.29719953639617,880.90292082628,823.1499699197,890.36747989486,823.14999928767,823.14997493297,898.26116935684,312.76248705408,10000,2.4001767873426,1173,-184.97955803839,-184.97955803839,-136.98011174516,-1172.8253251753,1172.8255251916,280000000
