time,Barrel_Temp,Heatflux_RCCS,Inlet_Temperature_BC,Max_CFL,New_Dt,Num_Picards,Outlet_Pressure_BC,Outlet_Pressure_PH,Outlet_Temperature_PH,Outlet_Velocity_PH,Outlet_Velocity_y,Reflector_Temp,Tfluid_bottom,Tfluid_core,Tfluid_diode,Tfluid_downcomer,Tfluid_upper,Vessel_Temp,dt,inlet_area,inlet_mdot,mass_flow_1,mass_flow_2,mass_flow_3,mass_flow_in,mass_flow_out,total_power
0,840.40619924638,1049.1315890505,823.15,150504.21376055,13785.8,0,200000,200000,921.90634831452,0.40139803147988,0.29719950487934,881.04235618758,823.1499700809,890.40926466862,823.14999930051,823.14997495784,898.27910405558,313.06007151669,6892.9,2.4001767873426,1173,-184.97573825684,-184.97573825684,-136.98058382567,-1172.8253250489,1172.8255250715,280000000
463233.22315215,840.41575537966,1041.840885911,823.15,150504.21023501,20000,0,200000,200000,921.90635129584,0.40139803147761,0.29719950509707,881.05217470634,823.14997004408,890.40926559936,823.14999930108,823.1499749566,898.27909517807,312.76295372247,10000,2.4001767873426,1173,-184.97573981757,-184.97573981757,-136.98054896883,-1172.8253250487,1172.8255250649,280000000
