time,SiC_stress,ave_gas_temp,buffer_void_volume,fis_gas_released,gap_volume,gas_pressure,initial_moles,kernel_th_density,kernel_void_volume,max_burnup,max_fluence,particle_power,strength_IPyC,strength_SiC
0,0,973.15,4.6389163186235e-11,0,-9.6935228033558e-27,0,0,11212.655575986,7.7136588291793e-13,0,0,0.10138278985428,0,0
86400,-5390120.1064574,1248.911248524,4.6737816146324e-11,3.744094079961e-12,-7.314457473055e-13,0,0,11212.655575986,1.1554653073691e-12,0.00027031087135804,5.0112e+22,0.10138278985428,1.7976931348623e+308,1.7976931348623e+308
