time,SiC_stress,ave_gas_temp,buffer_void_volume,fis_gas_released,gap_volume,gas_pressure,initial_moles,kernel_th_density,kernel_void_volume,max_burnup,max_fluence,particle_power,strength_IPyC,strength_SiC
0,0,973.15,4.6389163186235e-11,0,-4.8467614016779e-27,0,0,11212.655575986,7.7136588291793e-13,0,0,0.10138278985428,0,0
86400,-5390120.1065251,1248.9112485238,4.6737816146323e-11,3.7440940799603e-12,-7.3144574730518e-13,0,0,11212.655575986,1.1554653073689e-12,0.00027031087135804,5.0112e+22,0.10138278985428,1.7976931348623e+308,1.7976931348623e+308
