time,vol_clad,vol_disp,vol_fuel
0,0,0,0
1,2.9691376963637e-06,1.8013025867545e-07,1.2917928634894e-05
