time,core_vol,griff_power_density_avg,griffin_Tcool_avg,griffin_Tcool_max,griffin_Tcool_min,griffin_Tfuel_avg,griffin_Tfuel_max,griffin_Tfuel_min,griffin_power,integrated_power,intref_vol,norm_volume,power_scaling
0,0.040847924391319,15664661.652218,949.81667,949.81667,949.81667,949.81667,949.81667,949.81667,600000,600000,0.0032335926121008,0,8.3308511015661e+14
1,0.040847924391319,15664661.652218,963.29002807809,975.40097299182,954.05138958228,977.48715661541,1010.0941487899,957.55824669119,600000,600000,0.0032335926121008,0.03830277431591,5.3895819353906e+16
