time,core_vol,eigenvalue,griff_power_density_avg,griffin_Tcool_avg,griffin_Tcool_max,griffin_Tcool_min,griffin_Tfuel_avg,griffin_Tfuel_max,griffin_Tfuel_min,griffin_power,integrated_power,intref_vol,norm_volume,power_scaling
0,0.040847924391319,0,15664661.652218,949.81667000001,949.81667,949.81667,949.81667000001,949.81667,949.81667,600000,600000,0.0032335926121008,0,8.3308511015661e+14
1,0.040847924391319,0.83647969217158,15664661.652218,963.29027886636,975.33822866905,954.05093136171,977.48823619086,1009.9383547822,957.56399498809,600000,600000,0.0032335926121008,0.03830277431591,5.4072424816074e+16
