time,fuel_cP,fuel_k,fuel_temp_avg,fuel_temp_max,fuel_temp_min,heatpipe_surface_temp_avg,hp_heat_integral,mod_temp_avg,mod_temp_max,mod_temp_min,monolith_cP,monolith_k,monolith_temp_avg,monolith_temp_max,monolith_temp_min,power_density,total_evap_heat_exam
-20000,0,0,0,0,0,0,4.6307765968693e-08,0,0,0,0,0,0,0,0,533118.7190201,0
-19950,1189.8491659697,35.58190400903,822.97538234106,827.61995101633,806.46191513196,820.12075121849,-6703.9776186345,821.41401291639,825.59047544006,807.83927191413,1483.577515096,69.813527926737,821.66300300474,826.68807447648,805.60243755191,533118.7190201,0
-19900,1194.8079060675,35.370843387763,843.63762211386,852.53267979404,812.87620595556,839.58018208453,-8533.5873041961,842.16214318151,850.34528444351,815.53800071995,1491.9051108286,69.390496332908,842.07985113595,851.50240915454,811.64231358757,533118.7190201,0
