time,Burnup_avg,Tfluid_core,Tfuel_avg,Tfuel_max,Tmod_avg,Tmod_max,Tsolid_core,UnscaledTotalPower,avg_power_density,decay_heat,decay_heat2,eigenvalue,max_T_solid,power_peak,power_scaling,power_scaling2,prompt_power,total_power,total_power2
0,2.19285e+14,500,500,500,500,500,500,0,0,0,0.4021640595469,1,500,0,1.7984819226595e+18,0,0,250000000,0
1,2.8722396074795e+14,653.15018212034,901.2490818376,1122.2870192367,887.35594534135,1119.3628978472,670.50140449269,1.192161704679e-10,3215251.3755938,15506663.286074,15507977.229673,0.99364325471873,1111.5311536509,2.0055020001984,2.0970309566127e+18,1.9669490412221e+18,234492132.2,250000000,250000109.42967
2,2.8722396074795e+14,653.15018212034,901.2490818376,1122.2870192367,887.35594534135,1119.3628978472,670.50140449269,1.192161704679e-10,3215251.3755938,15506663.286074,15507977.229673,0.99364325471873,1111.5311536509,2.0055020001984,2.0970309566127e+18,1.9669490412221e+18,234492132.2,250000000,250000109.42967
