time,eigenvalue,h,max_power,power,power_scaling,total_power
0,1,0,0,0,4.0452915630297e+17,220834640
1,1.241261896708,0.067689055150219,34830072.353709,0,3.5525663687899e+17,220834640
