time,eigenvalue,h,max_power,power,power_scaling,total_power
0,1,0,0,0,4.0452915630297e+17,220834640
1,1.2412618963484,0.06768905515022,34830072.372486,0,3.5525663734987e+17,220834640
