time,average_T_UO2,average_T_matrix,max_T_UO2,surface_T
0,0,0,0,0
1,0.015544599323786,-0.0012174306560395,0.017517256478785,-0.0012446716401339
