time,Core_P_in,Core_P_out,Core_T_in,Core_T_out,FliBe_mass_flow,FliBe_mass_flow2,Fuel_mass_flow,Gas_mass_flow,HX2_Tin_p,HX2_Tout_p,HX2_Tout_s,HX_Pin_s,HX_Tin_p,HX_Tout_p,HX_Tout_s,HX_Uout_s,HX_cold_temp,core_power,Core_In_Branch:pressure,Core_In_Branch:rho,Core_In_Branch:temperature,Core_In_Branch:velocity,Core_Out_Branch:pressure,Core_Out_Branch:rho,Core_Out_Branch:temperature,Core_Out_Branch:velocity,IHX1_P3:pressure,IHX1_P3:rho,IHX1_P3:temperature,IHX1_P3:velocity,IHX1_P4:pressure,IHX1_P4:rho,IHX1_P4:temperature,IHX1_P4:velocity,J_IHX2_P6:pressure,J_IHX2_P6:rho,J_IHX2_P6:temperature,J_IHX2_P6:velocity,J_P2_IHX1:pressure,J_P2_IHX1:rho,J_P2_IHX1:temperature,J_P2_IHX1:velocity,J_P4_P5:pressure,J_P4_P5:rho,J_P4_P5:temperature,J_P4_P5:velocity,J_P5_IHX2:pressure,J_P5_IHX2:rho,J_P5_IHX2:temperature,J_P5_IHX2:velocity,J_P6_P7:pressure,J_P6_P7:rho,J_P6_P7:temperature,J_P6_P7:velocity,P8_IHX1:pressure,P8_IHX1:rho,P8_IHX1:temperature,P8_IHX1:velocity,pump2:pressure,pump2:pump_head,pump2:rho,pump2:temperature,pump2:velocity,pump:pressure,pump:pump_head,pump:rho,pump:temperature,pump:velocity
-200,100000,100000,898.15,898.15,-18982.93104,47.39808,145.1730429212,-19.293212239961,898.15,898.15,898.15,100000,898.15,898.15,898.15,-2.67,898.15,3000000000,100000,4191.3917,898.15,0.01,100000,4191.3917,898.15,0.01,100000,4191.3917,898.15,0.01,100000,1974.92,898.15,0.01,100000,1974.92,898.15,0.01,100000,4191.3917,898.15,0.01,100000,1974.92,898.15,0.01,100000,1974.92,898.15,0.01,100000,1974.92,898.15,0.01,100000,1974.92,898.15,0.01,100000,176000,1974.92,898.15,0.01,100000,156010.45,4191.3917,898.15,0.01
-199,229544.66133964,110178.02371607,898.06252819556,946.13443448117,-14793.008575049,14885.666355598,14594.943231363,-2569.5343770584,898.39511677957,875.31558762798,877.61312030111,185849.37749094,909.52238745023,897.30627377863,899.11400332129,-2.0800960801901,897.68693556487,3000000000,235602.05955212,4191.5874424516,897.92806978271,1.55444679285,97646.683416296,4149.1214818959,946.07541735153,1.6000509709446,275210.34659432,4192.124310193,897.3193761984,1.5544425738424,95576.435828547,1974.5829021057,898.84077437359,2.0938339069774,64064.671839825,1986.0631932229,875.31558765793,2.0779043144617,221886.29832405,4181.3238183285,909.5648318271,1.5569229368921,64576.6239002,1974.7901411155,898.4161042716,2.0938339069709,58961.887945215,1974.8019684194,898.39186799298,2.0938339069433,51373.667969259,1981.8103460586,884.03043840449,2.0779043258136,190118.82765322,1977.5544930459,892.75144867634,2.0779043324039,198928.73267187,176000,1979.1805703057,889.41932314411,2.0779043305936,218844.11173352,156010.45,4179.6347314462,911.47989631947,1.556902737023
-197.95,220047.03447825,113564.53927232,897.23557994063,984.91790177337,-17180.239440114,17303.245167543,18550.84683896,-2570.7246739146,899.26372115146,856.82918956564,859.18911043269,205775.39407442,937.69577443023,896.22382884643,901.86304965802,-2.4152956562384,896.8045362748,3000000000,229830.12881606,4192.1332117155,897.30928376924,1.9755164339631,93756.896240862,4114.9119780168,984.86170292877,2.0200274652,271342.79367568,4193.0774055672,896.23876919816,1.9755064341001,93966.08852617,1973.6125700999,900.8291596314,2.4344134550219,76074.983040747,1995.084555492,856.82918956565,2.4057934269725,216948.36309529,4156.4167750453,937.80410992598,1.9866517438813,65479.152606489,1974.333135972,899.35259022137,2.4344134550799,57869.973716271,1974.3798987589,899.25676483836,2.434413455083,65678.441361339,1991.2688176816,864.64832442305,2.4057934146889,211516.7183272,1983.6652219915,880.22946313226,2.4057934173862,216696.7890763,176000,1987.1638513369,873.06014070297,2.4057934143151,215625.48386523,156010.45,4152.3047887144,942.4662259474,1.9866828512504
-196.8475,219105.34450324,112785.05881117,896.52683521819,1005.9727965625,-17048.404624872,17119.856417279,18572.684936729,-2569.5025353512,901.89820558003,847.07362344148,850.59787257776,200847.84196624,975.97370545,896.08381662178,906.97574167909,-2.3987897330371,896.19722404722,3000000000,228910.10341935,4192.838736258,896.50936932201,1.9775092068761,93032.763382261,4096.2905420454,1005.9744421254,2.0218129148512,270364.54555792,4193.2123775696,896.08573971697,1.9775023449243,94208.65274047,1971.072443305,906.03433748972,2.4101800039064,72927.84390256,1999.8452717606,847.07362344149,2.3771972253145,215710.87605992,4122.663092902,976.07359081411,2.0020194851807,64875.668717206,1972.9623933386,902.16148906033,2.4101800042476,57354.415435961,1973.0956455721,901.8884312048,2.4101800042681,61998.878299825,1998.3662776277,850.10434912347,2.3771972214069,206477.75797469,1992.1224578633,862.89906175556,2.3771972112763,212303.02435152,176000,1995.6135556751,855.74517279695,2.3771972149656,214521.80730675,156010.45,4118.4061772403,980.9000258047,2.0020476210551
-195.689875,219460.65569654,112024.71373147,896.63133527983,1010.1963683128,-16858.333276411,16866.618302019,18230.350501126,-2569.4422292208,906.85646207837,844.42225995087,849.13562717491,200997.61698963,1004.4044660316,898.39972112959,912.22938697494,-2.3764407065898,897.26356064217,3000000000,228907.54373163,4192.7478114708,896.61245864992,1.941101563278,92993.804210166,4092.5551716882,1010.209555909,1.9854753240979,270076.65152053,4191.2010948653,898.36610559494,1.9411128911089,94437.925653763,1968.0963943698,912.13279842257,2.377443014858,73321.965641635,2001.1391371328,844.42225997378,2.3426461690878,215302.26405444,4097.6534494778,1004.4291956034,1.9779630856581,65298.278889568,1970.458111507,907.293214125,2.377443014746,58029.265616887,1970.6767823388,906.84511815815,2.3774430148156,62373.839996086,2001.2101553235,844.27673089453,2.3426461689224,206483.91878185,1998.9661377974,848.87512746432,2.3426461639392,212483.70571039,176000,2000.6006085525,845.52580214644,2.3426461673693,214055.56712965,156010.45,4095.7012254471,1006.6426015339,1.9779612151448
-194.47436875,219643.48453494,111840.88124076,898.8394826958,1006.745329006,-16817.906231995,16790.206020424,18106.947022671,-2569.530062793,912.24436906714,846.14710167056,851.73789803931,201201.73447345,1013.4295391297,902.82592800001,915.02412888685,-2.3748574676982,900.72465206821,3000000000,228967.15233787,4190.7645317874,898.86107507092,1.9288744168157,93029.400609139,4095.6182577781,1006.7366691859,1.9732613919313,270005.10536568,4187.2513759656,902.84424493691,1.9288775442958,94466.122141293,1966.6854251032,915.02412888683,2.3748574676981,73540.499345102,2000.2974143848,846.14710167054,2.3338114968537,215128.5653028,4089.7046485331,1013.4414415725,1.9722224831359,65417.478305974,1967.8671115387,912.60264028965,2.3698319661224,58214.875544634,1968.049289361,912.22932507986,2.3698319660981,62605.885731119,2000.9781333541,844.75218574979,2.3338114968968,206654.11183279,2001.7214871564,843.22891976147,2.3338114967408,212688.44457026,176000,2001.5583782994,843.56315922253,2.3338114969611,213873.7503723,156010.45,4089.9859349158,1013.1225227712,1.9722153199048
-193.1980871875,219632.93198857,111843.4965936,903.11872601242,1004.4928226139,-16816.922053941,16785.113629944,18089.905439437,-2569.6686679485,915.35854419937,849.6278119031,855.42340124186,201227.47943054,1010.1025921485,906.92694279225,915.40149893848,-2.3766306067614,905.1270574847,3000000000,228947.41275544,4186.9903542971,903.14018787174,1.9287960943878,93026.343979591,4097.6116722442,1004.4765620814,1.9730743148427,269978.71022247,4183.6141944892,906.96803345897,1.9287682027482,94461.82493853,1966.5012685181,915.4014989384,2.3766306067612,73549.617881008,1998.5988277913,849.627811903,2.3344548372292,215095.40706589,4092.6479764026,1010.1043351444,1.9725718902594,65397.250011355,1966.4788186686,915.4475027283,2.37094194292,58189.819429035,1966.5313095587,915.33993942896,2.3709419429073,62617.805062223,1999.3457519083,848.09722969603,2.3344548371439,206680.9368999,2001.052735378,844.5993127499,2.3344548370052,212716.67857723,176000,2000.1785379028,846.39070101887,2.3344548370277,213841.51271192,156010.45,4093.5081260943,1009.1291087366,1.9725680202836
-191.85799154687,219556.58265244,111868.16090103,907.19415052058,1006.1249343794,-16817.623889085,16798.115678675,18095.683958751,-2569.7792352915,915.94097306997,852.65593783272,858.11668150159,201099.56525378,1005.8698857062,908.9898350895,915.37395319447,-2.3770572166449,908.27586042735,3000000000,228885.07983488,4183.4158323982,907.19293378883,1.9310608035103,93018.297634494,4096.1465457136,1006.1377032726,1.9751385319711,269960.4106753,4181.823896921,908.99784929597,1.9310423629917,94451.718369685,1966.5147108411,915.37395319448,2.3770572166449,73426.308284251,1997.1211023376,852.65593783279,2.3369252277974,215134.4836217,4096.3834115857,1005.869147862,1.9726989402803,65335.80621033,1966.2731031006,915.86905102335,2.373121436759,58109.924146967,1966.2471426015,915.92224876734,2.3731214367606,62484.166815092,1997.6115756386,851.65086959294,2.3369252276809,206558.98713486,1999.0208230885,848.76306744151,2.3369252273193,212597.34573337,176000,1998.2376569634,850.36791605859,2.3369252275289,213878.29136197,156010.45,4096.6980103048,1005.5124599719,1.9727059696179
-190.45089112422,219482.73052134,111884.72197204,909.46364708513,1009.8677627441,-16818.479065111,16810.896790479,18103.478044992,-2569.8376425389,916.0317049644,854.25721816855,859.42979099789,200959.86999724,1006.2714881894,909.76495198927,916.54871552934,-2.3775599818002,909.6841676091,3000000000,228823.78889792,4181.4226533405,909.45277399035,1.9328134253683,93020.475170028,4092.845896844,1009.879935551,1.976685424087,269943.50563323,4181.146492275,909.76588177436,1.9328103011463,94446.736782458,1965.9414268217,916.5487155293,2.3775599817999,73303.384624865,1996.3396775338,854.25721816851,2.33916119625,215162.8014333,4096.0237273877,1006.2769530752,1.9729416783375,65289.246909317,1966.2046423961,916.00933935229,2.3749817610814,58046.534098015,1966.2018586558,916.0150437381,2.3749817610809,62347.670523462,1996.5082356679,853.91181215601,2.3391611962153,206424.79926975,1997.2115424193,852.47060979655,2.3391611960391,212467.10315305,176000,1996.7919745566,853.33038000702,2.3391611961488,213909.64522094,156010.45,4095.7727472063,1006.5615111039,1.9729398434985
-188.97343568043,219427.38944883,111884.36081305,910.46793606342,1013.3031708372,-16820.646681498,16816.703517533,18108.173739365,-2569.8699273211,917.35690376545,854.99238606858,860.26397847158,200866.87233277,1009.9118813083,910.9212690779,918.98987586969,-2.3789443040594,910.62379757056,3000000000,228775.29162846,4180.5382728236,910.45547298911,1.9337237470583,93019.061233997,4089.8344575098,1013.294265862,1.9774664498399,269918.5626661,4180.1281267685,910.92049119217,1.9337239661213,94443.165593351,1964.7501405756,918.98987586968,2.3789443040594,73226.824751039,1995.9809155985,854.99238606858,2.3406479480855,215140.35882299,4092.8028170669,1009.9287788357,1.9738262556523,65262.487784752,1965.4979085315,917.45756448454,2.3765845768829,58007.379059377,1965.5545096427,917.34157860107,2.3765845768873,62261.044022578,1996.0168172248,854.91881716233,2.3406479480854,206336.01103011,1996.2001803128,854.54307312958,2.3406479480628,212381.467808,176000,1996.079112443,854.79116302673,2.3406479480799,213896.78792501,156010.45,4092.4156187783,1010.367779163,1.9738214862887
-187.42210746445,219391.63618782,111878.64716078,911.67172011152,1015.3328550667,-16823.546270673,16816.621619826,18107.867681505,-2569.9130185286,919.92495957365,855.93110561025,861.55507386009,200813.96677524,1013.5656008835,912.96061953585,921.76252786409,-2.3807570031068,912.23640194603,3000000000,228741.58818963,4179.4794012758,911.65600762384,1.9341809647883,93014.214649285,4088.049023918,1015.3185669864,1.9778541136123,269891.0258858,4178.3355431111,912.95289896699,1.9341843552233,94439.310771322,1963.3970864023,921.76252786408,2.3807570031068,73185.315015281,1995.5228204622,855.93110561025,2.3415854594897,215093.37339794,4089.5686402899,1013.5956459298,1.9749600352795,65243.359878188,1964.2172862038,920.08179056599,2.3780890732483,57978.901405605,1964.3014367427,919.90935093719,2.378089073249,62213.703138829,1995.6340062151,855.7032659526,2.3415854594973,206286.27281531,1995.7449250657,855.47597322602,2.3415854595022,212334.57459336,176000,1995.7013074752,855.56535353441,2.3415854595011,213860.72579248,156010.45,4089.3096361617,1013.8893014039,1.974965294509
-185.79321283767,219361.31699822,111877.33443515,913.67794768123,1016.4185288225,-16825.826142598,16815.278766754,18104.595099106,-2569.9791689071,922.71672985246,857.52372821269,863.45539730668,200771.74644781,1015.7702724135,915.28235065799,924.07356244483,-2.382376102462,914.46248094262,3000000000,228711.84258492,4177.7176287513,913.65348214135,1.934646916001,93009.93548239,4087.0880893886,1016.4080619177,1.9782437421208,269864.37218776,4176.2973839998,915.26373696166,1.9346568287005,94435.361683216,1962.2693015269,924.07356244483,2.382376102462,73149.722510008,1994.7456206322,857.52372821269,2.3424297368031,215053.58287003,4087.6179600357,1015.8073015468,1.9759054854742,65222.038392229,1962.8689541801,922.84476602445,2.379548969233,57948.984277561,1962.9395439814,922.70011479229,2.3795489692305,62174.04494077,1994.9727043362,857.05839275377,2.3424297368131,206246.77971038,1995.2959619969,856.39597951447,2.3424297368338,212298.17840444,176000,1995.1583184317,856.67803600066,2.342429736825,213829.44834176,156010.45,4087.5147932506,1015.9242706909,1.975913157935
-184.08287347956,219323.83749438,111880.03415768,915.99324751953,1017.6005230623,-16826.950199048,16815.934912387,18102.016632957,-2570.0551660265,924.98576889926,859.44662130563,865.5203267006,200717.83723591,1016.9613564758,917.33032816793,925.86098467601,-2.3836449300992,916.67728273625,3000000000,228676.26587899,4175.6778487174,915.96615791683,1.9353163050903,93006.775207378,4086.0482608447,1017.587005845,1.9788022362156,269838.85774391,4174.496829341,917.3051821531,1.9353321421602,94431.431133286,1961.3970394781,925.86098467601,2.3836449300992,73101.223410564,1993.8072488029,859.44662130563,2.3434644710551,215029.20772555,4086.5635244452,1017.0028067515,1.9765975208312,65195.951547703,1961.7871100314,925.06165977166,2.3809845258566,57913.568478371,1961.8325866862,924.96846990532,2.3809845258553,62120.645327722,1994.0609409958,858.92676025455,2.3434644710517,206195.64807441,1994.5481959677,857.92828695153,2.3434644710609,212250.39890653,176000,1994.3129861364,858.41027431066,2.3434644710539,213811.27843487,156010.45,4086.5118828015,1017.0613573679,1.9766030970754
-182.28701715354,219280.82058682,111883.45352593,918.04745660995,1019.3310448716,-16827.605074231,16818.565103143,18101.445261323,-2570.1248639733,926.77810144331,861.2238124084,867.35663266402,200650.67614228,1018.1814663835,919.10812644805,927.53236730368,-2.3847786334832,918.59530871923,3000000000,228636.66347666,4173.8387858359,918.05126322458,1.936107924491,93004.422466577,4084.531019383,1019.3072342597,1.9794704716523,269815.31977463,4172.9317599916,919.07963719775,1.9361264060991,94427.687056405,1960.5814047558,927.53236730369,2.3847786334832,73041.280992248,1992.9399795447,861.2238124084,2.3446650624137,215012.63522096,4085.4823987845,1018.2285728067,1.9772075877818,65168.075592195,1960.9240847623,926.83015417567,2.3824190490372,57875.532938959,1960.957977418,926.76070201226,2.3824190490371,62054.320000145,1993.1425318341,860.8087462415,2.3446650624065,206131.50077026,1993.6044673558,859.86215705776,2.3446650623941,212189.63533459,176000,1993.3657970964,860.35123545826,2.3446650623991,213800.48295848,156010.45,4085.3892846156,1018.3341444267,1.9772146330612
-180.40136801121,219238.86066553,111885.79058742,919.86589737471,1021.2592682424,-16828.590539618,16821.387416383,18101.610532702,-2570.1850622944,928.52386959621,862.72741977171,868.95225410524,200581.78254782,1019.9236710239,920.83100028007,929.38425150985,-2.3859902022005,920.38026727372,3000000000,228598.41814351,4172.2102625388,919.89766152059,1.9368813224065,93002.200267242,4082.8020763323,1021.2674871516,1.9801319636728,269793.27468981,4171.3884419646,920.82943087909,1.9368889156664,94424.0901436,1959.6776852632,929.3842515099,2.3859902022012,72981.296915814,1992.2062191514,862.72741977168,2.3458611425798,214994.35352328,4083.9389762549,1019.9784849718,1.9778839753726,65141.747581312,1960.0693674095,928.58162416084,2.3838545648672,57838.983428892,1960.1059915844,928.50657462216,2.3838545648667,61987.528540944,1992.3568893275,862.41866941093,2.3458611425773,206065.72875636,1992.7046824733,861.70597853822,2.3458611425681,212127.10535228,176000,1992.5216791913,862.08098526365,2.3458611425732,213788.79894765,156010.45,4083.7983007587,1020.1379809992,1.9778941507769
-180,219231.17175389,111886.43616944,920.26348102073,1021.6568488669,-16828.861814815,16821.902111415,18101.647195786,-2570.1964348192,928.89942055804,863.00583338136,869.25810776118,200568.02524935,1020.4147373427,921.1884498422,929.80147370236,-2.3862614737003,920.74104627375,3000000000,228591.5510059,4171.8599831116,920.29480372833,1.9370478709335,93001.715813093,4082.4539455945,1021.6621932036,1.9802752061267,269789.56897082,4171.0663284451,921.19463895112,1.9370398418657,94423.350058537,1959.4740808332,929.80147370236,2.3862614737003,72969.520508236,1992.0703533099,863.00583338136,2.3460990815432,214990.95437109,4083.5111767002,1020.4635184805,1.978044637892,65136.668145681,1959.8840977671,928.96127506734,2.3841504385008,57831.82969286,1959.9227091734,928.88215333321,2.3841504385011,61974.362011866,1992.2138342894,862.71181498076,2.346099081542,206052.61832552,1992.5347033468,862.0542964204,2.346099081535,212114.64012335,176000,1992.3669295287,862.39809522812,2.3460990815392,213786.88154466,156010.45,4083.387953626,1020.6032271814,1.9780407598406
-178,219191.1998359,111887.67714457,922.10314273592,1023.3689101471,-16830.350244633,16823.494632042,18100.947401542,-2570.2533801602,930.90409573435,864.39308351766,870.81458468674,200507.79160879,1022.4947991359,923.00550960947,931.84968277265,-2.3876123869246,922.56289607542,3000000000,228554.51269793,4170.2449233755,922.12593721594,1.9377231405952,92998.860979042,4080.9305612994,1023.3893862819,1.9808611762424,269764.26633605,4169.4450374594,923.03283734766,1.9377052437781,94419.741056943,1958.4745548069,931.84968277265,2.3876123869246,72917.971244997,1991.3933752434,864.39308351766,2.3471655798052,214964.29263808,4081.6999587111,1022.5170536156,1.9788290116228,65113.138341333,1958.9012002042,930.97540941766,2.3855668150889,57798.742682294,1958.9444838797,930.88671336129,2.3855668150889,61916.802192565,1991.5347437989,864.1033938547,2.3471655798065,205995.37348166,1991.8054910122,863.54858399149,2.3471655798078,212060.45287453,176000,1991.6712554623,863.82365683964,2.3471655798075,213767.67347681,156010.45,4081.6257267727,1022.601216811,1.9788165875556
-175.7,219148.59311587,111889.0240998,924.14642551663,1025.1171861231,-16831.77118029,16824.807679115,18099.753790063,-2570.3199576867,933.12426200044,866.03267014995,872.63029394932,200446.29363116,1024.3845949664,924.98827158562,933.92911506268,-2.3890033121959,924.57751596503,3000000000,228514.73128035,4168.4495719329,924.16148306926,1.9384298858052,92995.872821788,4079.3926436547,1025.1330570809,1.9814612767743,269736.7362578,4167.7006880224,925.0105577977,1.9384153837655,94415.895699321,1957.4597918494,933.92911506267,2.3890033121959,72864.468424928,1990.5932569668,866.03267014994,2.3482795136194,214937.36827472,4080.0531522024,1024.3841811765,1.979632055649,65087.444919061,1957.8227393099,933.18537026655,2.3870730370833,57763.036836243,1957.8612032558,933.10655070524,2.387073037083,61857.353752841,1990.742500884,865.72684245074,2.3482795136199,205936.94827071,1991.0287371683,865.14029268799,2.3482795136221,212005.32100921,176000,1990.8881996586,865.42827938803,2.3482795136209,213748.27669874,156010.45,4079.9925481232,1024.4528932844,1.9796234182191
-173.055,219102.93046145,111890.84700468,926.30075526225,1027.0328122105,-16833.006814019,16826.608596663,18098.766519134,-2570.392090011,935.36708061448,867.82346052521,874.57571682972,200378.75563749,1026.2928332284,927.03984744666,936.05109933884,-2.3904232231081,926.67562381117,3000000000,228472.3341396,4166.5574403028,926.30675702626,1.9392043905601,92992.916247378,4077.7066023113,1027.0446685813,1.9821209880687,269708.51981845,4165.8973723107,927.05513343463,1.9391944903366,94411.896151023,1956.4242635226,936.05109933883,2.3904232231081,72805.210555129,1989.7193512637,867.82346052521,2.3494989749198,214911.48991618,4078.370437806,1026.2920206281,1.9804441904841,65059.541772216,1956.7348687352,935.41461324761,2.3886637176417,57724.375019122,1956.7668353637,935.34910786124,2.3886637176415,61791.597153929,1989.8578213595,867.5397103289,2.3494989749191,205872.66683014,1990.1414199505,866.95856567512,2.3494989749184,211944.56609703,176000,1989.9990621808,867.25028241648,2.3494989749185,213730.05721577,156010.45,4078.3080631583,1026.3627401833,1.9804379359626
-170.01325,219055.61508993,111892.75617846,928.51411986427,1029.0686795364,-16834.278665656,16828.726291969,18097.89017456,-2570.4660174632,937.66863605206,869.65383575567,876.56439671464,200306.08594714,1028.3484150825,929.18343658549,938.30084995913,-2.3919144597098,928.84708333629,3000000000,228428.52014642,4164.6132548621,928.51104890916,1.9400157378521,92989.919215443,4075.9159177175,1029.0749232228,1.9828128561873,269679.67409364,4164.0135497908,929.19098663172,1.94001069806,94407.760260611,1955.3263852199,938.30084995913,2.3919144597098,72741.649753329,1988.8261281512,869.65383575566,2.35079814996,214884.9984647,4076.5513800066,1028.3544444369,1.9812847255512,65030.297617774,1955.6148709655,937.70969064447,2.3903362603283,57683.726469659,1955.6437601677,937.6504914596,2.3903362603282,61720.988787818,1988.9443487111,869.41158051012,2.3507981499594,205803.45438892,1989.1918488712,868.90440805081,2.3507981499579,211879.0424295,176000,1989.066198361,869.16188860448,2.3507981499586,213711.5355014,156010.45,4076.4862411708,1028.4282979923,1.9812808828541
-166.5152375,219007.35526713,111894.68029966,930.80212916384,1031.1410502358,-16835.65277978,16830.771033808,18096.860012977,-2570.5414943183,940.07374039243,871.51400780442,878.60075190267,200231.85615471,1030.4875187533,931.41746549233,940.64696595695,-2.3934609245746,931.10328136321,3000000000,228383.75451397,4162.603494548,930.78968872111,1.9408419210519,92986.855407908,4074.0939102081,1031.140691374,1.9835168597412,269649.80749503,4162.050927533,931.41618193541,1.9408418432253,94403.540616183,1954.181480613,940.64696595694,2.3934609245746,72676.850546048,1987.9183641914,871.51400780442,2.3521239100376,214857.3042634,4074.6580011376,1030.5011324971,1.9821536458724,65000.440600466,1954.4436457262,940.10974236434,2.3920621817624,57642.167949651,1954.4701687535,940.05539189867,2.3920621817623,61648.995666703,1988.0215397853,871.30258240717,2.3521239100374,205732.77970631,1988.2329313732,870.86940292378,2.3521239100368,211812.13127914,176000,1988.1262275117,871.08805837768,2.3521239100371,213692.07544467,156010.45,4074.5952018797,1030.5723334698,1.9821528391172
-162.492523125,218958.50328459,111896.63717824,933.13635715081,1033.2370551451,-16837.01100755,16832.719786992,18095.721438389,-2570.6182903003,942.51935435825,873.40527935224,880.6733871648,200157.79507559,1032.6390598941,933.68503589128,943.00998726627,-2.395017820619,933.4002887277,3000000000,228338.37138492,4160.5528218281,933.11471448056,1.9416763628925,92983.815070999,4072.2513101078,1033.229807134,1.9842270501138,269619.31747703,4160.0593648338,933.67418953085,1.9416813341554,94399.329710006,1953.0283262141,943.00998726627,2.395017820619,72612.062926051,1986.9954236761,873.40527935223,2.3534514780402,214829.30102439,4072.7530418538,1032.6609502791,1.9830340786775,64970.463651774,1953.2538178356,942.54791427139,2.3938007325492,57600.453334373,1953.2768257646,942.50076687582,2.3938007325492,61577.065563552,1987.0865696882,873.21850473735,2.3534514780401,205662.27313539,1987.2716925494,872.83915461184,2.3534514780398,211745.39867857,176000,1987.1786580235,873.02979913227,2.35345147804,213672.40434493,156010.45,4072.6928318534,1032.7292155857,1.9830365228024
-160,218931.41485382,111897.79679347,934.4391402286,1034.4029678062,-16837.731306902,16833.786691657,18095.095207825,-2570.6608606156,943.86635937873,874.45376455078,881.82101397865,200117.036043,1033.837656098,934.94041489115,944.31231483787,-2.3958758765264,934.67702944651,3000000000,228313.2286673,4159.4084040993,934.41224025018,1.9421433816241,92982.140237965,4071.2228043993,1034.3959133794,1.9846266278504,269602.51390418,4158.95154212,934.93022435379,1.9421490054692,94397.025549232,1952.3927903591,944.31231483787,2.3958758765264,72576.347833864,1986.4837628992,874.45376455078,2.3541833165083,214814.01946441,4071.6918505547,1033.8641150174,1.9835224530394,64953.977428558,1952.5986140433,943.89054499318,2.394758292063,57577.504825265,1952.619550078,943.84764328281,2.3947582920629,61537.426615962,1986.5676532015,874.28185819359,2.3541833165081,205623.46448655,1986.7389053579,873.93093164365,2.3541833165078,211708.66640623,176000,1986.6527281217,874.10752434068,2.3541833165079,213661.7379219,156010.45,4071.6347942713,1033.928804681,1.9835252835558
-155,218883.50951201,111899.69852348,936.70783455787,1036.4775773893,-16838.976719963,16835.671351391,18093.935179742,-2570.7360129687,946.24227634681,876.303049015,883.84579538427,200044.9683588,1035.9524399452,937.16757569835,946.61367812139,-2.3973886385247,936.93003909206,3000000000,228268.60914607,4157.398083141,936.69151571316,1.942957944434,92979.311443036,4069.4024561216,1036.4598003156,1.9853174874379,269572.32960729,4157.0004134937,937.14238832915,1.9429700537553,94392.99506223,1951.2697250768,946.61367812136,2.3973886385247,72513.165139535,1985.5813120807,876.30304901496,2.3554762713889,214786.86411053,4069.8196438803,1035.9867983216,1.9843823901097,64924.906866875,1951.4426557378,946.25931201278,2.3964492596073,57537.023294406,1951.4602099912,946.22334018189,2.3964492596072,61467.312567651,1985.651470894,876.15928095502,2.3554762713888,205554.83458731,1985.795225424,875.86470199993,2.3554762713886,211643.6924158,176000,1985.7227678332,876.0131806697,2.3554762713887,213642.72662389,156010.45,4069.7614807968,1036.0527428607,1.9843897265863
-148.75,218834.19545177,111901.78525338,939.04398953671,1038.6248132399,-16840.234984633,16837.580724494,18092.708683802,-2570.8137210415,948.70045823666,878.21275122604,885.9388784923,199970.73169109,1038.1517973594,939.48110194118,948.99542507151,-2.3989502484746,939.27171863241,3000000000,228222.60889232,4155.3074969524,939.0617948385,1.9438037009071,92976.43977662,4067.5154599188,1038.5992517927,1.9860367296896,269541.2592425,4154.9694378344,939.44508182036,1.9438206972944,94388.879634418,1950.1074325651,948.99542507151,2.3989502484746,72448.025478857,1984.6493774017,878.21275122604,2.3568088316053,214759.06642346,4067.872575188,1038.1943591973,1.985271616881,64895.000459175,1950.2465944756,948.71025722219,2.3981951170665,57495.353358222,1950.2607287955,948.68129345184,2.3981951170665,61395.045964475,1984.705654709,878.097428875,2.3568088316052,205484.13405602,1984.8207408919,877.86159653306,2.356808831605,211576.74869945,176000,1984.7627650909,877.98039940383,2.3568088316051,213623.34327273,156010.45,4067.8153560037,1038.2592335559,1.9852825309321
-140.9375,218783.35352795,111904.38827872,941.49272600507,1040.8179659882,-16841.467693909,16839.397992997,18091.531617133,-2570.8915359589,951.17361886257,880.12191680403,888.03549438406,199897.10781956,1040.4497437893,941.7560112854,951.40234777345,-2.4005305656872,941.64284231528,3000000000,228175.41118498,4153.1415978171,941.51746279244,1.9446908863009,92973.324437313,4065.5656872433,1040.809878409,1.9868147241692,269509.64184341,4152.9139245523,941.77559574566,1.9446853757029,94384.76129635,1948.9328542865,951.40234777352,2.4005305656874,72383.385934279,1983.7177045996,880.1219168041,2.3581338000141,214730.97545604,4065.8456583257,1040.4924508779,1.9861938560897,64865.405103815,1949.0428089068,951.17703092862,2.3999390001569,57454.047263732,1949.0539356645,951.15423019574,2.3999390001568,61323.340618105,1983.7615062349,880.03215935469,2.3581338000142,205414.01898525,1983.8507342128,879.84931513766,2.3581338000141,211510.37130736,176000,1983.8058446559,879.94130193471,2.3581338000143,213603.95597125,156010.45,4065.801567776,1040.5424401633,1.986201354983
-140,218777.95513705,111904.57872007,941.73017870414,1041.0440191224,-16841.594448518,16839.571457781,18091.41440519,-2570.8995456318,951.43134924595,880.31804303869,888.25156499079,199889.63362977,1040.7327988757,941.99188645347,951.65931452949,-2.4007011717716,941.87499046563,3000000000,228170.36702658,4152.9330721455,941.75388645636,1.9447759325096,92973.041010895,4065.356253908,1041.0473311701,1.9868921506496,269506.14844097,4152.7203013273,941.99512321172,1.9447729327317,94384.319681409,1948.8074545095,951.65931452978,2.4007011717718,72376.832478018,1983.6219949972,880.31804303848,2.3582693207705,214728.08724846,4065.5988845924,1040.7722396912,1.9863049323774,64862.430347016,1948.9171802711,951.43446665751,2.4001185908389,57449.872274823,1948.9281721865,951.41194224083,2.4001185908376,61316.064733533,1983.6647327005,880.23046577759,2.3582693207702,205406.9038914,1983.7516601425,880.05233577361,2.3582693207724,211503.64047579,176000,1983.707945831,880.14191428066,2.3582693207709,213602.07638134,156010.45,4065.5724239208,1040.8022404526,1.9863029850361
-130,218729.45135899,111906.8714838,944.03622446483,1043.1102544104,-16842.763534581,16841.18670411,18090.279550814,-2570.9746051345,953.83688177467,882.15561816111,890.27582373765,199819.5342703,1042.9832093222,944.20118063302,954.00443396499,-2.4022441667529,944.12416525304,3000000000,228125.30168103,4150.9069123897,944.05111973954,1.9456031722869,92970.21484973,4063.5143626413,1043.1356432638,1.9876137264112,269475.58500959,4150.7499070155,944.22913036792,1.9455900030806,94380.332781275,1947.6630362251,954.00443396499,2.4022441667529,72315.257462785,1982.7252583374,882.1556181611,2.3595337214935,214700.79643635,4063.6376919271,1042.9958141416,1.9871997382056,64834.264134723,1947.7458961534,953.83463903,2.4017953532334,57410.502815036,1947.7543794522,953.81725522085,2.4017953532333,61247.770327092,1982.7586141579,882.08726606984,2.3595337214935,205340.15085205,1982.8262608221,881.9486458564,2.3595337214936,211440.46881935,176000,1982.792284382,882.01826970907,2.3595337214936,213583.16194204,156010.45,4063.6437786538,1042.9889130909,1.9871876746839
-117.5,218686.13306884,111908.70532968,946.06493172133,1044.9555549047,-16843.761133685,16842.736080661,18089.202690473,-2571.0423030665,955.97229681576,883.81421976351,892.09693520385,199755.91904916,1044.8865538704,946.16231877972,956.07090622055,-2.4035920869552,946.11724380707,3000000000,228084.93083231,4149.1246228471,946.07185618242,1.9463230559337,92967.882067479,4061.8943930396,1044.9723434925,1.9882276097788,269447.87905095,4149.0298519075,946.17930622736,1.9463151874413,94376.880229244,1946.6545977644,956.07090622055,2.4035920869552,72259.23899257,1981.9158607554,883.81421976351,2.360678272752,214676.85118895,4061.976294223,1044.879485008,1.9879651980915,64808.688842064,1946.7070423448,955.96343781809,2.4033020027171,57374.822467333,1946.7123960676,955.95246707452,2.4033020027171,61185.685854196,1981.9376208937,883.7696293162,2.3606782727519,205279.54477503,1981.9822934535,883.67808718536,2.3606782727518,211383.06647294,176000,1981.9597678171,883.72424627653,2.3606782727519,213566.45824708,156010.45,4061.9792981114,1044.8760792387,1.9879575719212
-101.875,218651.72500623,111909.84949866,947.67063737131,1046.4170791018,-16844.53481955,16843.970929781,18088.340108911,-2571.0960510115,957.66441861751,885.13006772773,893.5417805403,199705.36249726,1046.376699086,947.72397218499,957.71074186798,-2.4046587714478,947.69756977921,3000000000,228052.84679036,4147.7138960695,947.6713196491,1.9468922005413,92965.74468487,4060.6116557942,1046.4266941108,1.9887129257557,269425.76977782,4147.659881912,947.73256019045,1.9468883155977,94374.172964016,1945.8543579684,957.71074186794,2.4046587714477,72214.68975212,1981.2737269489,885.13006772771,2.361587594473,214657.89381497,4060.6578409529,1046.3743299854,1.988565986814,64788.411749017,1945.8837359018,957.65054118484,2.4044980484299,57346.522943595,1945.8867171394,957.64443209129,2.4044980484304,61136.321432832,1981.2856613751,885.10561193632,2.361587594473,205231.37313608,1981.3101410365,885.05544869576,2.3615875944727,211337.42882789,176000,1981.297796449,885.08074498149,2.361587594473,213553.18231455,156010.45,4060.6595099891,1046.372437654,1.9885616263636
-100,218648.98135991,111909.815094,947.78591519686,1046.5310940607,-16844.594330602,16844.075180758,18088.252172859,-2571.1003256877,957.79698772664,885.23483460224,893.65647157825,199701.30431121,1046.473521321,947.84600334543,957.83633484287,-2.404739319616,947.81652895933,3000000000,228050.24322763,4147.6126143556,947.78615152422,1.9469302772451,92965.585766877,4060.5190738325,1046.5316623214,1.9887410008836,269423.80668206,4147.5594215571,947.84646081965,1.9469299807834,94373.970968673,1945.7930685968,957.83633484263,2.4047393196146,72211.10619917,1981.2226007142,885.23483460208,2.361660165038,214656.19313096,4060.572195274,1046.4714339297,1.9886079580811,64786.773214286,1945.8193306328,957.78251919502,2.4045928657789,57344.245841669,1945.8220304237,957.7769868367,2.4045928657805,61132.354261805,1981.2336194913,885.21225514085,2.3616601650351,205227.50452923,1981.2562577751,885.16586521492,2.3616601650392,211333.76079464,176000,1981.24483827,885.18926584024,2.3616601650378,213551.89519312,156010.45,4060.5669100214,1046.4774262796,1.9886077120165
-80,218627.6315506,111909.68245777,948.75794861511,1047.4037037811,-16845.049726844,16844.808912077,18087.756786756,-2571.132567511,958.81155252068,886.02367386622,894.52291442898,199671.04749914,1047.379856906,948.78243417166,958.82132846967,-2.4053795090262,948.76818280792,3000000000,228030.32910687,4146.7585758824,948.75444911296,1.9472779219949,92963.335476791,4059.7463331216,1047.4077855765,1.9890418030459,269410.02512905,4146.7313597732,948.78530637954,1.9472766303803,94372.358004324,1945.3123917068,958.82132846967,2.4053795090262,72184.429614512,1980.8376471533,886.02367386622,2.362204776498,214644.21668274,4059.7702843309,1047.3806300103,1.9889698764443,64774.656936074,1945.325650607,958.79415859213,2.4053095770343,57327.325516982,1945.3269680394,958.79145893574,2.4053095770343,61102.797929976,1980.8427167625,886.01328532285,2.3622047764979,205198.67359283,1980.8530260514,885.9921597308,2.362204776498,211306.44404688,176000,1980.8478414785,886.0027838556,2.362204776498,213543.32581065,156010.45,4059.7702137925,1047.3807099858,1.9889680120417
-60,218615.56832824,111909.07809784,949.2750857997,1047.8747324579,-16845.291715468,16845.17801063,18087.467925747,-2571.14963458,959.35198318168,886.44080978137,894.9819933694,199655.15010097,1047.8623164985,949.28244817781,959.34550319652,-2.4057209889926,949.27605605042,3000000000,228019.00387961,4146.3042296063,949.26958094523,1.9474602006273,92961.696444051,4059.3329874334,1047.8764314814,1.9891970476777,269401.85033724,4146.2921100701,949.28332191603,1.9474598095838,94371.498942885,1945.0565944401,959.34550319653,2.4057209889928,72170.414398199,1980.6340848267,886.44080978136,2.3624911714109,214637.00845633,4059.3434547855,1047.8645637352,1.9891657091416,64768.283734551,1945.0626480382,959.33309828232,2.4056883927719,57318.420994829,1945.0632626083,959.33183891736,2.405688392772,61087.270598081,1980.6364845053,886.43589240711,2.3624911714108,205183.52693298,1980.6413481525,886.42592591704,2.3624911714106,211292.09758661,176000,1980.6389057327,886.43093087568,2.3624911714107,213537.96803035,156010.45,4059.3434928049,1047.8645206293,1.9891649421398
-50,218612.27437964,111908.80255745,949.41156195913,1047.9996725643,-16845.354984206,16845.277924557,18087.391482027,-2571.1541715352,959.49493647789,886.55174603914,895.10394411747,199650.91926429,1047.9882607719,949.41488205035,959.4838096175,-2.4058108638595,949.41023358328,3000000000,228015.90447604,4146.1843207961,949.40553197716,1.9475082908615,92961.152008547,4059.22394311,1048.0000645011,1.9892377101842,269399.5860342,4146.175936654,949.41503780724,1.9475082187719,94371.273602331,1944.9891009067,959.4838096175,2.4058108638595,72166.681864134,1980.5799479329,886.55174603914,2.3625673596726,214635.01204593,4059.2320286164,1047.9908972604,1.9892166890001,64766.586674328,1944.9931009043,959.47561290106,2.4057889389165,57316.051273304,1944.9935080506,959.47477858493,2.4057889389166,61083.136147576,1980.5815794568,886.54840275253,2.3625673596726,205179.49543808,1980.5849150642,886.5415674915,2.3625673596726,211288.27833999,176000,1980.5832353046,886.54500962178,2.3625673596726,213536.45455322,156010.45,4059.2314001602,1047.9916097957,1.9892165135197
-20,218606.9605863,111908.33917121,949.63225807694,1048.1992951934,-16845.456555583,16845.43646466,18087.272084166,-2571.1614370687,959.72446235345,886.72932776142,895.29928389104,199644.14864021,1048.1951033951,949.62761609797,959.70670425346,-2.4059558981579,949.62649486025,3000000000,228010.90967812,4145.9904185228,949.62537582446,1.9475865167221,92960.22980307,4059.0477067685,1048.1998789473,1.9893049890179,269395.95232463,4145.9882794261,949.62780110424,1.9475864357952,94370.909730728,1944.8803283243,959.70670425347,2.4059558981579,72160.710411472,1980.4932880524,886.72932776142,2.3626893716606,214631.80615915,4059.0490300662,1048.1983786098,1.9892997098955,64763.874998562,1944.8814016282,959.70450486033,2.4059501226112,57312.261979153,1944.8815097512,959.70428329674,2.4059501226112,61076.520822419,1980.4937118054,886.72845941506,2.3626893716606,205173.04414702,1980.4945769799,886.72668651652,2.3626893716606,211282.16703661,176000,1980.4941412694,886.72757936598,2.3626893716606,213534.03093833,156010.45,4059.0492883891,1048.1980857266,1.9892994467666
-10,218606.30003244,111908.27428969,949.65910796254,1048.2238986234,-16845.468917932,16845.456575508,18087.256781285,-2571.1623318617,959.75256194062,886.75121080948,895.32332238382,199643.31140211,1048.2191939598,949.65362305176,959.7338119048,-2.4059734578442,949.6528790427,3000000000,228010.28713258,4145.9668280871,949.65212235024,1.9475959506546,92960.113130283,4059.0264630073,1048.2239648443,1.9893128472045,269395.49269234,4145.965489591,949.65363991953,1.9475959429792,94370.865850709,1944.8670997904,959.73381190482,2.4059734578443,72159.971471092,1980.482609125,886.75121080951,2.3627044317058,214631.40067239,4059.0277173559,1048.2225426804,1.9893095316823,64763.539037932,1944.8677337126,959.73251288394,2.4059699568558,57311.793166866,1944.8677984789,959.73238016621,2.4059699568559,61075.702440166,1980.4828706098,886.75067497996,2.3627044317058,205172.24626449,1980.4834065806,886.74957667911,2.3627044317058,211281.41096777,176000,1980.4831364206,886.75013028562,2.3627044317059,213533.71908498,156010.45,4059.0276262017,1048.2226460298,1.9893095027398
-9,218606.26124543,111908.27010836,949.66060780582,1048.2253394344,-16845.469627632,16845.457812362,18087.255890751,-2571.1623843427,959.75419237564,886.75249438308,895.32472986531,199643.26203571,1048.2205009766,949.65512904114,959.73537344556,-2.4059744630847,949.65440497204,3000000000,228010.25036117,4145.965464171,949.65366874037,1.9475964954729,92960.106101577,4059.0252473003,1048.225343197,1.9893132863263,269395.46539069,4145.9641753604,949.65512997687,1.9475964946881,94370.86335254,1944.8663377586,959.73537344556,2.4059744630847,72159.927849173,1980.4819827411,886.75249438308,2.3627053178472,214631.37675393,4059.0265467754,1048.2238698692,1.9893100781006,64763.51918809,1944.8669410055,959.73413728387,2.4059711179764,57311.76551511,1944.8670026857,959.73401088996,2.4059711179764,61075.654145683,1980.4822331245,886.75198130222,2.3627053178472,205172.1992014,1980.4827472307,886.75092780586,2.3627053178472,211281.36635027,176000,1980.4824879719,886.75145907399,2.3627053178472,213533.70043835,156010.45,4059.0264076167,1048.2240276455,1.9893100763422
-8.09,218606.22863739,111908.26669389,949.66192459091,1048.2265661568,-16845.470226414,16845.45886881,18087.255265551,-2571.1624288298,959.75557310764,886.75358442561,895.32592266354,199643.22021736,1048.2217185714,949.65640507356,959.73670726824,-2.4059753249786,949.65570250382,3000000000,228010.21972923,4145.9642967697,949.65499232458,1.9475969765478,92960.099830045,4059.0241656994,1048.2265695019,1.989313700441,269395.44353681,4145.9630500213,949.6564058716,1.9475969758365,94370.861204669,1944.8656868531,959.73670726824,2.4059753249786,72159.890908173,1980.4814508003,886.75358442561,2.3627060703895,214631.35803065,4059.0254658318,1048.2250954288,1.9893105636403,64763.502433204,1944.8662696525,959.73551300725,2.4059721023916,57311.74214264,1944.8663289045,959.73539158908,2.4059721023916,61075.613237264,1980.4816918387,886.75309049439,2.3627060703895,205172.15934185,1980.4821868272,886.75207617377,2.3627060703895,211281.32856532,176000,1980.4819371502,886.75258780703,2.3627060703895,213533.68630083,156010.45,4059.0253214555,1048.2252591207,1.9893105619965
-7.2619,218606.1999073,111908.26364713,949.66306845558,1048.227625933,-16845.470748186,16845.459779185,18087.254695398,-2571.1624674323,959.75677618192,886.75452894608,895.32695798699,199643.1839044,1048.2228022157,949.65751853673,959.7378812339,-2.4059760861164,949.65683523033,3000000000,228010.19268629,4145.9632805338,949.65614451948,1.9475973925393,92960.094316502,4059.0232313801,1048.2276288208,1.989314058141,269395.42376321,4145.9620680385,949.65751923068,1.9475973918849,94370.859302185,1944.8651139579,959.7378812339,2.4059760861164,72159.858851345,1980.4809898743,886.75452894608,2.3627067244727,214631.34058591,4059.0245037925,1048.2261861763,1.9893109949311,64763.487947643,1944.8656841763,959.73671275348,2.4059729587209,57311.721903621,1944.8657417973,959.73659467758,2.4059729587208,61075.577725257,1980.4812221286,886.7540530152,2.3627067244727,205172.12473144,1980.4816999012,886.7530739729,2.3627067244727,211281.29575936,176000,1980.4814588288,886.75356797385,2.3627067244727,213533.67294067,156010.45,4059.0243628309,1048.2263459967,1.9893109934523
-6.508329,218606.17467123,111908.26093249,949.6640734685,1048.2285555032,-16845.471214758,16845.460561136,18087.254167739,-2571.1625013426,959.75784158178,886.7553578609,895.32786824197,199643.15197271,1048.2237651397,949.65850663075,959.73892416411,-2.4059767635351,949.65783733875,3000000000,228010.16889764,4145.9623833456,949.65716173963,1.9475977571831,92960.089450253,4059.0224118133,1048.2285580348,1.98931437147,269395.40635474,4145.9611966102,949.65850724469,1.9475977565732,94370.857605846,1944.8646050079,959.73892416411,2.4059767635351,72159.830691768,1980.4805853639,886.7553578609,2.3627072993271,214631.32512951,4059.0236474248,1048.2271571148,1.9893113791864,64763.475230672,1944.8651653014,959.73777602167,2.4059737136191,57311.704123068,1944.8652218551,959.737660133,2.4059737136191,61075.546521944,1980.4808104188,886.75489668283,2.3627072993271,205172.09429838,1980.4812728973,886.75394898097,2.3627072993271,211281.26691749,176000,1980.4810395309,886.75442719075,2.3627072993271,213533.66111269,156010.45,4059.0235090515,1048.2273140005,1.9893113778535
-5.82257939,218606.15230115,111908.25851729,949.6649626825,1048.2293775239,-16845.471637061,16845.461234262,18087.253683024,-2571.1625313726,959.75879234593,886.75609117472,895.32867531078,199643.12371301,1048.2246189423,949.65938935895,959.73985292658,-2.405977366961,949.6587306724,3000000000,228010.1477831,4145.9615850989,949.65806678129,1.9475980799783,92960.085126871,4059.0216870581,1048.2293797527,1.9893146487704,269395.39085991,4145.9604181072,949.65938990114,1.9475980793999,94370.856092562,1944.8641517755,959.73985291908,2.4059773669516,72159.805788052,1980.4802275182,886.75609115132,2.3627078075897,214631.31131314,4059.022886747,1048.2280195612,1.9893117216815,64763.463959741,1944.864702144,959.7387251148,2.4059743838716,57311.688367966,1944.8647578391,959.7386109855,2.4059743837454,61075.518925418,1980.480446941,886.75564151434,2.3627078075772,205172.06736643,1980.4808965011,886.75472028459,2.3627078076122,211281.24139786,176000,1980.480669794,886.75518484846,2.3627078075917,213533.65052567,156010.45,4059.0227517155,1048.2281726582,1.9893117205341
-5.1985472449,218606.13238257,111908.25637231,949.66575165661,1048.2301080061,-16845.472019485,16845.461818549,18087.253240351,-2571.1625581335,959.75964279665,886.75674390988,895.32939486031,199643.0986252,1048.225373256,949.66017818401,959.74068019859,-2.405977904305,949.65952977135,3000000000,228010.12895622,4145.960871516,949.6588758322,1.9475983675167,92960.081274838,4059.0210429852,1048.2301099942,1.9893148957514,269395.37702568,4145.9597224131,949.66017866992,1.9475983669728,94370.854746503,1944.8637480665,959.74068019152,2.4059779042773,72159.783684508,1980.4799089794,886.75674389457,2.3627082588076,214631.29898664,4059.0222130063,1048.2287834396,1.9893120270221,64763.453931901,1944.8642879715,959.73957382894,2.4059749807922,57311.674350146,1944.8643427577,959.73946156218,2.4059749807002,61075.494432979,1980.480124054,886.75630316807,2.3627082587977,205172.04345888,1980.4805632452,886.75540318615,2.3627082588131,211281.21874732,176000,1980.4803420008,886.75585655568,2.3627082588118,213533.64107778,156010.45,4059.0220816694,1048.2289323476,1.9893120259851
-4.630677992859,218606.11458319,111908.25446656,949.66645162362,1048.2307595971,-16845.472362943,16845.462332009,18087.252838438,-2571.16258207,959.76040329091,886.75732741881,895.33003844045,199643.07630304,1048.2260399176,949.66088217027,959.74141715122,-2.4059783828702,949.6602449527,3000000000,228010.11210649,4145.9602320125,949.65960089282,1.9475986246487,92960.077832971,4059.0204684664,1048.2307613759,1.9893151166107,269395.36463421,4145.959101542,949.66088260541,1.9475986241282,94370.853548095,1944.8633884329,959.74141714574,2.4059783828357,72159.764009865,1980.4796242231,886.75732741161,2.3627086605655,214631.28798191,4059.0216154827,1048.229460904,1.9893122995479,64763.444983448,1944.8639177389,959.74033250223,2.4059755133281,57311.661845818,1944.863971554,959.7402222254,2.4059755132599,61075.472635614,1980.4798358331,886.75689378472,2.3627086605654,205172.02218763,1980.4802668678,886.7560105169,2.3627086605617,211281.19859609,176000,1980.4800499488,886.75645502301,2.3627086605703,213533.63264098,156010.45,4059.0214871703,1048.2296063828,1.9893122986094
-4.1139169735017,218606.09863893,111908.25276766,949.66707085576,1048.2313424384,-16845.472668992,16845.462788155,18087.252476403,-2571.1626034968,959.76108299629,886.75785033703,895.33061500521,199643.05639814,1048.2266310751,949.66151019357,959.74207424149,-2.405978809665,949.66088465707,3000000000,228010.0969876,4145.9596585229,949.6602511078,1.9475988549316,92960.074764871,4059.0199544671,1048.2313441416,1.9893153144171,269395.35350674,4145.9585476656,949.66151058322,1.9475988544788,94370.852483903,1944.8630677636,959.74207425485,2.4059788096458,72159.74645645,1980.4793690316,886.75785034509,2.3627090192095,214631.27813428,4059.0210831642,1048.2300644397,1.9893125432543,64763.436985542,1944.8635869069,959.7410104367,2.4059759889837,57311.650676525,1944.8636397471,959.74090215764,2.4059759888535,61075.453191524,1980.4795776731,886.75742280093,2.3627090192397,205172.0032204,1980.4800021752,886.75655291963,2.3627090192614,211281.18062945,176000,1980.4797886785,886.7569904129,2.3627090192712,213533.62508885,156010.45,4059.0209570271,1048.2302074523,1.9893125424729
-3.6436644458865,218606.08433482,111908.25125088,949.66761569111,1048.231864911,-16845.472940081,16845.463197085,18087.252154368,-2571.1626227366,959.76169055931,886.7583194916,895.33113191587,199643.03860184,1048.2271568332,949.66207098216,959.74266115511,-2.4059791910296,949.66145668796,3000000000,228010.08338746,4145.9591445411,949.6608338536,1.9475990617363,92960.07200224,4059.0194938035,1048.231866436,1.9893154920319,269395.34350333,4145.9580530795,949.66207133845,1.947599061289,94370.851528592,1944.8627813488,959.74266117042,2.4059791910231,72159.730750552,1980.4791400804,886.75831950743,2.3627093402024,214631.26930823,4059.0206068024,1048.2306045324,1.9893127617678,64763.429829105,1944.8632912104,959.74161637213,2.4059764143277,57311.64067977,1944.8633431128,959.74151001473,2.4059764142386,61075.43579603,1980.4793459859,886.75789756983,2.3627093402342,205171.98626043,1980.4797649863,886.75703896255,2.3627093402471,211281.16456448,176000,1980.4795543011,886.75747069439,2.3627093402631,213533.61832244,156010.45,4059.0204823496,1048.2307456354,1.989312761037
-3.2157346457567,218606.07149294,111908.24989412,949.66809163834,1048.2323340545,-16845.47317993,16845.463565799,18087.251870811,-2571.1626399946,959.76223404216,886.75874059125,895.33159560543,199643.02265471,1048.2276247755,949.66257261385,959.74318654054,-2.4059795325714,949.66196848417,3000000000,228010.07114028,4145.9586840962,949.66135590003,1.9475992475276,92960.069522918,4059.0190801609,1048.2323354185,1.9893156515949,269395.33450015,4145.9576106684,949.66257293838,1.947599247088,94370.850673218,1944.8625249598,959.74318655786,2.4059795325778,72159.716669485,1980.4789345819,886.75874061077,2.3627096280359,214631.26138011,4059.02017931,1048.2310892177,1.9893129580233,64763.423415769,1944.8630266632,959.74215847703,2.4059767953004,57311.631721481,1944.8630777105,959.74205387195,2.4059767952392,61075.420201323,1980.4791378425,886.75832409316,2.3627096280685,205171.97106126,1980.4795519174,886.75747557915,2.3627096280778,211281.15016766,176000,1980.4793436765,886.75790230227,2.3627096280919,213533.61224489,156010.45,4059.020056298,1048.231228687,1.9893129573408
-2.8263185276386,218606.0599599,111908.24867937,949.66850366051,1048.2327557893,-16845.473392676,16845.463899429,18087.251622523,-2571.1626555074,959.76272083138,886.75911863539,895.33201179394,199643.00833342,1048.2280407642,949.66302221335,959.74365790507,-2.4059798390735,949.66242696375,3000000000,228010.06009731,4145.9582715322,949.66182365966,1.9475994146206,92960.067294867,4059.0187083181,1048.2327570089,1.9893157951072,269395.32638996,4145.9572141485,949.66302250738,1.9475994141903,94370.849905478,1944.8622949334,959.74365792329,2.4059798390967,72159.704018407,1980.4787500959,886.75911865597,2.3627098865732,214631.25424878,4059.0197950295,1048.2315249098,1.9893131345439,64763.41765948,1944.8627896353,959.74264418991,2.4059771370989,57311.623680726,1944.8628399279,959.74254113133,2.4059771370561,61075.406190228,1980.4789507686,886.7587074413,2.3627098866048,205171.95740901,1980.479360217,886.75786840785,2.362709886615,211281.1372349,176000,1980.4791542206,886.75829053158,2.3627098866239,213533.60677767,156010.45,4059.0196733231,1048.231662899,1.9893131339092
-2.4719498601512,218606.04960101,111908.24759166,949.66885609589,1048.2331350747,-16845.473582203,16845.464201679,18087.251405349,-2571.1626694555,959.76315752452,886.75945809917,895.33238563139,199642.99545084,1048.2284095784,949.66342592066,959.74408167893,-2.4059801146098,949.66283834064,3000000000,228010.05012551,4145.9579015301,949.66224316317,1.9475995650658,92960.065289703,4059.0183739026,1048.2331361648,1.9893159243419,269395.31907272,4145.9568581034,949.66342618664,1.9475995646451,94370.849215294,1944.8620881315,959.74408169783,2.4059801146484,72159.692636198,1980.4785844377,886.75945811951,2.3627101191031,214631.24782275,4059.0194491933,1048.2319170144,1.9893132935254,64763.412486686,1944.8625768987,959.74308012569,2.40597744424,57311.616453968,1944.8626265385,959.74297840478,2.4059774442113,61075.393583741,1980.4787825896,886.75905207053,2.3627101191327,205171.94512546,1980.4791875858,886.75822216024,2.3627101191477,211281.12559798,176000,1980.4789837242,886.75863990933,2.3627101191506,213533.60185034,156010.45,4059.0193286745,1048.232053657,1.9893132929299
-2.1494743727376,218606.04029953,111908.24661859,949.66915250035,1048.2334760831,-16845.473751766,16845.464475463,18087.251214838,-2571.1626820026,959.76354990053,886.7597630028,895.33272173544,199642.983847,1048.2287351635,949.66378897138,959.74446334694,-2.4059803626576,949.66320805175,3000000000,228010.04110796,4145.9575692405,949.66261990872,1.9475997006615,92960.063482355,4059.0180732364,1048.2334770562,1.9893160408482,269395.31245898,4145.9565379159,949.66378921099,1.9475997002526,94370.848593907,1944.8619018777,959.74446336527,2.4059803627093,72159.682382201,1980.4784356456,886.75976302122,2.362710328452,214631.24202006,4059.0191376566,1048.2322702306,1.9893134368765,64763.407831618,1944.8623856283,959.74347207319,2.4059777206474,57311.609949617,1944.8624347111,959.74337149368,2.4059777206278,61075.382226281,1980.478631362,886.7593619631,2.3627103284786,205171.93405789,1980.4790320437,886.75854089405,2.3627103284932,211281.11511217,176000,1980.4788302456,886.75895441478,2.3627103284936,213533.59739918,156010.45,4059.0190182154,1048.2324056515,1.9893134363213
-1.8560216791912,218606.03194702,111908.24574839,949.66939552841,1048.2337823689,-16845.473904065,16845.464723208,18087.251047164,-2571.1626932966,959.76390297816,886.76003693746,895.3330242208,199642.9733872,1048.2290207477,949.66411583028,959.74480762049,-2.4059805862214,949.66354079169,3000000000,228010.03293395,4145.9572703679,949.6629587665,1.9475998230141,92960.061850455,4059.0178031851,1048.2337832368,1.9893161460069,269395.30646463,4145.9562496478,949.66411604559,1.9475998226163,94370.848034131,1944.861733873,959.7448076372,2.4059805862787,72159.673137993,1980.4783019666,886.76003695375,2.3627105170677,214631.23676564,4059.0188567892,1048.2325886743,1.989313566311,64763.403639023,1944.8622133754,959.74382505047,2.4059779697069,57311.604090326,1944.8622619852,959.74372544009,2.4059779696932,61075.371986492,1980.4784953385,886.75964069988,2.3627105170912,205171.92407785,1980.4788918536,886.75882816895,2.362710517104,211281.10565603,176000,1980.4786920504,886.75923760154,2.3627105171022,213533.59336515,156010.45,4059.0187383372,1048.2327229737,1.9893135657923
-1.588979728064,218606.02444805,111908.24497184,949.66958691973,1048.234057009,-16845.474041208,16845.464947096,18087.250899142,-2571.1627034912,959.76422109226,886.76028307942,895.33329673323,199642.96395274,1048.2292688787,949.66441032805,959.74511857558,-2.4059807879082,949.66384060367,3000000000,228010.02550474,4145.9570011769,949.66326397172,1.9475999335375,92960.060374218,4059.0175610364,1048.2340577819,1.9893162410288,269395.30101413,4145.9559899207,949.66441052071,1.9475999331509,94370.847529342,1944.8615821282,959.74511858983,2.4059807879647,72159.664797964,1980.4781818508,886.76028309263,2.36271068709,214631.23199429,4059.0186034191,1048.232875942,1.9893136833367,64763.399859408,1944.8620580231,959.74414339524,2.4059781943655,57311.598807098,1944.8621062308,959.74404460896,2.4059781943554,61075.36274804,1980.4783729512,886.75989149342,2.3627106871096,205171.91507218,1980.4787654632,886.75908716551,2.3627106871212,211281.09712209,176000,1980.4785675813,886.75949266133,2.3627106871198,213533.58969711,156010.45,4059.0184859039,1048.2330091793,1.9893136828518
-1.3459715525382,218606.01771789,111908.24428012,949.66972759009,1048.2343026836,-16845.474164835,16845.465149282,18087.250768343,-2571.1627126964,959.76450798783,886.76050420905,895.33354249238,199642.95543892,1048.2294814677,949.6646757752,959.74539978363,-2.4059809700062,949.66411098185,3000000000,228010.01873032,4145.9567584295,949.6635391956,1.94760003349,92960.059036239,4059.0173444272,1048.2343033705,1.9893163269902,269395.29603879,4145.9557558146,949.66467594712,1.9476000331165,94370.847073951,1944.8614448999,959.74539979527,2.4059809700547,72159.657268937,1980.4780739409,886.76050421937,2.3627108404151,214631.22764509,4059.0183747772,1048.2331351733,1.9893137892967,64763.39644935,1944.8619177389,959.74443086285,2.4059783972128,57311.59403941,1944.8619656033,959.74433278007,2.4059783972029,61075.354407459,1980.4782628028,886.76011720742,2.3627108404316,205171.90694052,1980.4786514812,886.75932073527,2.3627108404409,211281.0894151,176000,1980.4784554366,886.75972246597,2.3627108404397,213533.58634756,156010.45,4059.0182581814,1048.233267368,1.9893137888441
-1.1248341128098,218606.0116821,111908.24366558,949.66981773943,1048.2345217398,-16845.474276232,16845.465331781,18087.250652876,-2571.162721019,959.7647669131,886.76070273573,895.33376433369,199642.94775388,1048.2296598316,949.66491505434,959.74565439266,-2.4059811345198,949.66435496517,3000000000,228010.01253015,4145.9565393166,949.66378762291,1.9476001239877,92960.057820811,4059.0171512888,1048.2345223483,1.989316404842,269395.29147592,4145.9555447878,949.66491520658,1.9476001236281,94370.846662793,1944.8613206525,959.74565440061,2.4059811345538,72159.650468076,1980.4779770617,886.76070274233,2.3627109787155,214631.22366655,4059.0181684309,1048.233369126,1.9893138853788,64763.393371162,1944.8617909266,959.74469072414,2.4059785805236,57311.589734493,1944.861838497,959.74459324391,2.4059785805105,61075.346873652,1980.4781636547,886.76032037962,2.3627109787309,205171.89959468,1980.4785486565,886.75953144151,2.3627109787348,211281.08245176,176000,1980.4783543615,886.75992958707,2.3627109787354,213533.58327538,156010.45,4059.0180527666,1048.2335002647,1.989313884957
-0.9235990426569,218606.00627436,111908.24312108,949.66985701083,1048.2347162151,-16845.474376386,16845.465496498,18087.250551287,-2571.1627285534,959.7650007018,886.76088072068,895.33396475794,199642.94081442,1048.2298047288,949.6651306942,959.74588521527,-2.4059812832232,949.66457521444,3000000000,228010.00683032,4145.9563413822,949.66401203828,1.9476002060304,92960.056714329,4059.0169798235,1048.2347167534,1.989316475441,269395.28727214,4145.955354609,949.6651308288,1.9476002056828,94370.846291813,1944.8612080126,959.74588522001,2.4059812832386,72159.644320997,1980.4778902066,886.7608807242,2.3627111034725,214631.22001044,4059.0179822289,1048.2335802394,1.9893139726416,64763.39059083,1944.8616761874,959.74492584542,2.4059787463089,57311.585844947,1944.8617235053,959.74482888263,2.4059787462906,61075.340064247,1980.4780744135,886.76050325099,2.3627111034847,205171.89295489,1980.4784558629,886.75972159251,2.3627111034844,211281.07615605,176000,1980.4782632349,886.76011632194,2.3627111034893,213533.58044276,156010.45,4059.0178675309,1048.2337102824,1.9893139722487
-0.74047512881778,218606.00143745,111908.24264019,949.66984464698,1048.2348878707,-16845.474466134,16845.465645277,18087.250462399,-2571.1627353834,959.76521183498,886.76103990183,895.33414596851,199642.93454615,1048.2299163873,949.66532491504,959.74609477149,-2.4059814176897,949.66477407368,3000000000,228010.00156505,4145.9561624722,949.66421488418,1.9476002805009,92960.055704454,4059.0168284804,1048.2348883442,1.9893165395465,269395.28337668,4145.9551833198,949.6653250343,1.9476002801662,94370.845957459,1944.8611057507,959.74609477323,2.4059814176873,72159.638760064,1980.4778125274,886.7610399029,2.3627112160028,214631.21663488,4059.0178142535,1048.2337706876,1.9893140520219,64763.38807839,1944.861572288,959.74513875415,2.4059788963632,57311.582328567,1944.8616193896,959.74504223443,2.40597889634,61075.33390476,1980.4779941173,886.76066779237,2.3627112160143,205171.88694948,1980.4783720923,886.75989325352,2.3627112160108,211281.07045958,176000,1980.4781810581,886.76028471692,2.3627112160187,213533.57781623,156010.45,4059.0177005721,1048.2338995781,1.9893140516571
-0.57383236722418,218605.99712078,111908.24221689,949.66977971229,1048.2350382165,-16845.474546105,16845.46577985,18087.250385187,-2571.162741587,959.7654024907,886.76118171157,895.33430991793,199642.92888209,1048.2299945233,949.66549967123,959.74628535092,-2.4059815393177,949.66495361808,3000000000,228009.99667503,4145.9560006842,949.66439831729,1.9476003481877,92960.054780157,4059.0166959275,1048.2350386309,1.9893165978277,269395.2797453,4145.9550291963,949.66549977747,1.947600347862,94370.845656754,1944.8610127486,959.74628535124,2.4059815393044,72159.633724888,1980.4777433247,886.76118171164,2.3627113174749,214631.2135008,4059.0176627843,1048.2339424215,1.9893141243563,64763.385807122,1944.8614781359,959.74533168879,2.4059790322898,57311.579147915,1944.8615250533,959.74523554642,2.4059790322645,61075.32832815,1980.4779219221,886.76081573331,2.3627113174854,205171.88151353,1980.4782964401,886.76004827857,2.362711317481,211281.06530064,176000,1980.4781069431,886.7604365921,2.3627113174899,213533.57536513,156010.45,4059.0175501793,1048.2340700915,1.9893141240155
-0.422187454174,218605.99328011,111908.2418455,949.66966133321,1048.2351685517,-16845.474616803,16845.465901861,18087.250318721,-2571.1627472227,959.76557458805,886.76130729336,895.33445833282,199642.92376198,1048.2300383527,949.66565667851,959.74645904049,-2.4059816493502,949.6651156911,3000000000,228009.99210692,4145.9558543274,949.66456425466,1.9476004097844,92960.05393146,4059.016581021,1048.2351689104,1.9893166508746,269395.27633663,4145.9548907259,949.66565677332,1.9476004094656,94370.845386734,1944.8609279884,959.74645904014,2.4059816493331,72159.629159578,1980.4776820409,886.76130729324,2.362711408922,214631.210573,4059.0175262673,1048.2340972027,1.989314190393,64763.38375308,1944.861392759,959.7455066414,2.4059791555266,57311.576269214,1944.8614395224,959.74541081466,2.4059791555021,61075.323273138,1980.4778570878,886.76094859057,2.3627114089317,205171.87658848,1980.478228099,886.76018832167,2.3627114089275,211281.06062254,176000,1980.4780400999,886.76057356588,2.3627114089365,213533.57306109,156010.45,4059.0174148065,1048.2342235754,1.9893141900725
-0.28419058329834,218605.98987635,111908.24152051,949.66948899198,1048.2352800068,-16845.474678589,16845.466012871,18087.250262119,-2571.1627523559,959.76572981957,886.76141751187,895.33459275237,199642.91913009,1048.2300466061,949.66579744046,959.74661776389,-2.4059817488991,949.66526193542,3000000000,228009.98781344,4145.9557218961,949.66471440352,1.947600465901,92960.0531493,4059.0164827641,1048.2352803128,1.9893166992033,269395.2731146,4145.9547665826,949.6657975254,1.9476004655896,94370.845144824,1944.8608505314,959.74661776354,2.4059817488827,72159.625012969,1980.4776282543,886.76141751162,2.3627114912581,214631.20781963,4059.0174032982,1048.2342366234,1.9893142507951,64763.381894148,1944.8613152897,959.74566539005,2.4059792673742,57311.5736614,1944.8613619276,959.74556982047,2.4059792673506,61075.318683304,1980.4777989669,886.76106769087,2.3627114912668,205171.87212005,1980.4781663476,886.76031486153,2.3627114912637,211281.05637337,176000,1980.4779798251,886.7606970797,2.3627114912717,213533.57087849,156010.45,4059.0172930523,1048.2343616187,1.9893142504939
-0.15861343080149,218605.98687338,111908.24123673,949.66926284826,1048.2353736079,-16845.474731697,16845.466114359,18087.250214536,-2571.1627570405,959.76586967654,886.76151296171,895.3347145411,199642.9149376,1048.2300175655,949.66592327138,959.74676330113,-2.4059818389547,949.66539381783,3000000000,228009.98375246,4145.9556020412,949.66485029347,1.9476005170821,92960.052425722,4059.0164002518,1048.2353738642,1.9893167432693,269395.27004684,4145.9546556077,949.66592334725,1.9476005167762,94370.844928859,1944.8607795091,959.74676330095,2.4059818389397,72159.621238911,1980.4775816748,886.76151296138,2.3627115652886,214631.20521187,4059.0172926,1048.2343621315,1.9893143061628,64763.380211681,1944.8612449516,959.74580952543,2.4059793690039,57311.571297914,1944.861291492,959.74571415583,2.4059793689828,61075.314508048,1980.4777469911,886.76117419861,2.3627115652958,205171.86805996,1980.4781105385,886.76042922432,2.3627115652935,211281.05250642,176000,1980.4779254913,886.76080841941,2.3627115653009,213533.56879455,156010.45,4059.0171836424,1048.2344856662,1.9893143058778
-0.044338222029355,218605.98424023,111908.24098936,949.66898407929,1048.235450341,-16845.474776254,16845.466207725,18087.250175114,-2571.1627613179,959.76599547397,886.76159397277,895.33482492072,199642.91113872,1048.229949099,949.66603531699,959.74689731147,-2.4059819204026,949.66551265094,3000000000,228009.97988931,4145.9554935537,949.6649732951,1.9476005638009,92960.051753769,4059.0163326146,1048.2354505504,1.9893167834696,269395.267106,4145.9545567909,949.66603538442,1.9476005635012,94370.844736833,1944.860714112,959.74689731139,2.4059819203907,72159.617793929,1980.4775421414,886.76159397247,2.362711631719,214631.20272421,4059.0171930129,1048.234475042,1.9893143570285,64763.378687846,1944.8611810491,959.7459404732,2.4059794614788,57311.569153523,1944.861227519,959.74584524787,2.4059794614596,61075.310699682,1980.4777006618,886.76126913565,2.3627116317259,205171.86436298,1980.4780600936,886.76053259508,2.3627116317235,211281.04897787,176000,1980.4778765377,886.7609087343,2.3627116317294,213533.56678882,156010.45,4059.0170854178,1048.234597032,1.9893143567586
0,218605.98297242,111908.24378563,949.66567205981,1048.2344823546,-16845.474430939,16845.466563447,18087.250133808,-2571.162763181,959.76594195077,886.75947601852,895.33486382371,199642.89662243,1048.2273000701,949.66654119572,959.74758994828,-2.4059819302297,949.66557407046,3000000000,228009.97420352,4145.9554516574,949.66502079658,1.9476005790364,92960.049820845,4059.0171888871,1048.2344797199,1.9893167919321,269395.26016566,4145.9541103947,949.66654150261,1.9476005786416,94370.845571059,1944.8603761052,959.74758994828,2.4059819302297,72159.594860076,1980.478575703,886.75947601852,2.3627116065288,214631.19474921,4059.0171548501,1048.2345183105,1.9893143629038,64763.377367372,1944.8611562745,959.74599124076,2.4059795429455,57311.566652999,1944.8612027248,959.74589605578,2.4059795429455,61075.288019927,1980.4776822479,886.76130686901,2.3627116065287,205171.84806247,1980.4780406159,886.76057250835,2.3627116065287,211281.02958078,176000,1980.4778576872,886.76094736221,2.3627116065287,213533.55847016,156010.45,4059.0170478416,1048.2346396353,1.9893143627101
0.1,218605.98869251,111908.24004005,949.66641593414,1048.2343347804,-16845.474488972,16845.466547807,18087.249847547,-2571.1627673833,959.76612459563,886.7624378914,895.33496347453,199642.91397489,1048.2284874412,949.66528429795,959.74690237037,-2.4059819992924,949.66563974222,3000000000,228009.96583729,4145.955357437,949.66512762247,1.9476005924585,92960.048958919,4059.0173170655,1048.2343343929,1.9893168050776,269395.25063916,4145.9552199274,949.66528352899,1.947600592394,94370.844435751,1944.8607116465,959.7469023638,2.4059819992378,72159.624436018,1980.4771303148,886.76243787954,2.3627116668229,214631.18532086,4059.0170690754,1048.2346155608,1.9893144208778,64763.377295948,1944.8611005024,959.74610552786,2.4059796098663,57311.567052298,1944.8611468725,959.74601050722,2.4059796097938,61075.316338878,1980.4776510182,886.76137086431,2.3627116668348,205171.86725235,1980.4779968828,886.76066212545,2.3627116668465,211281.05351072,176000,1980.4778154748,886.76103386305,2.3627116668523,213533.55043058,156010.45,4059.0169635125,1048.2347352466,1.9893144206579
0.2004,218605.97459268,111908.23685116,949.66822842827,1048.2359350411,-16845.474960091,16845.466310254,18087.249824157,-2571.1627714602,959.76626864663,886.76288917743,895.33505821893,199642.91062528,1048.2296582261,949.66591613595,959.74684870042,-2.4059821078611,949.66570623102,3000000000,228009.96865103,4145.9552635545,949.66523406521,1.9476006340067,92960.051128155,4059.0159014417,1048.2359394085,1.98931683821,269395.25871929,4145.9546616501,949.66591649654,1.9476006338445,94370.843848252,1944.8607378245,959.7468487203,2.4059821079162,72159.622337165,1980.4769100896,886.7628891607,2.3627117848507,214631.19966463,4059.0169842608,1048.2347117225,1.989314482662,64763.375632721,1944.8610447509,959.74621977283,2.4059796451387,57311.5651441,1944.8610909402,959.7461251226,2.4059796450172,61075.314152777,1980.4776359397,886.76140176296,2.362711784872,205171.86416733,1980.4779532579,886.76075152076,2.3627117850133,211281.05099678,176000,1980.4777737517,886.76111936133,2.362711784941,213533.56508536,156010.45,4059.0168802668,1048.2348296294,1.9893144824938
0.3012016,218605.9762118,111908.23837565,949.66908297268,1048.2373587528,-16845.4751278,16845.466268734,18087.250331287,-2571.1627752641,959.7663842296,886.76222546161,895.33515411625,199642.90158266,1048.2300335021,949.66690257672,959.747161126,-2.4059821891939,949.66583077229,3000000000,228009.9719685,4145.9551696748,949.66534050476,1.9476007326865,92960.052528666,4059.0146461345,1048.2373626593,1.9893169303606,269395.26964017,4145.9537914064,949.66690316736,1.9476007323095,94370.843848516,1944.8605853601,959.7471611473,2.4059821892235,72159.609451637,1980.477233979,886.76222545289,2.3627118602054,214631.20793402,4059.0169003244,1048.2348068884,1.9893145486227,64763.374367948,1944.8609882671,959.74633551824,2.4059797087037,57311.563275712,1944.8610347572,959.74624025159,2.4059797085978,61075.30199216,1980.4776271345,886.76141980628,2.3627118602262,205171.85535129,1980.4779098259,886.76084052067,2.3627118603397,211281.04059045,176000,1980.4777334028,886.76120204353,2.3627118602846,213533.57400243,156010.45,4059.0167980525,1048.234922843,1.9893145484611
0.4024064064,218605.97400285,111908.23874275,949.66923553575,1048.2375008284,-16845.475118911,16845.466355415,18087.250752621,-2571.1627788935,959.76649877682,886.76197130587,895.33525094113,199642.89586944,1048.2301180545,949.66700799262,959.74738553442,-2.4059822504452,949.66597506342,3000000000,228009.969394,4145.9550756448,949.6654471147,1.9476008222487,92960.05164484,4059.0145239067,1048.2375012395,1.9893170156141,269395.26562676,4145.9536988961,949.66700805436,1.9476008218651,94370.843860336,1944.8604758583,959.74738553617,2.4059822503305,72159.604765645,1980.4773580036,886.76197130419,2.3627119105261,214631.20507354,4059.0168176634,1048.2349006084,1.9893146053564,64763.373240031,1944.8609300311,959.74645485436,2.405979791632,57311.561536598,1944.8609777167,959.74635713786,2.4059797915647,61075.295847498,1980.4776058323,886.76146345832,2.3627119105485,205171.84975745,1980.4778666583,886.76092897881,2.3627119105572,211281.03480261,176000,1980.4776960833,886.76127851774,2.3627119105731,213533.57150419,156010.45,4059.0167184935,1048.235013046,1.9893146051581
0.5040160320256,218605.96974825,111908.2396242,949.66916931596,1048.2366435995,-16845.475126835,16845.466438207,18087.250714566,-2571.1627824792,959.76661867409,886.76208892069,895.33534860494,199642.89274935,1048.2301715968,949.66664304885,959.7474935737,-2.4059823103668,949.66609530247,3000000000,228009.96482548,4145.9549821897,949.66555307289,1.9476008621332,92960.049388469,4059.0152824136,1048.2366412545,1.9893170521301,269395.2571479,4145.9540210277,949.6666428257,1.9476008618119,94370.843742769,1944.8604231325,959.74749358094,2.4059823103591,72159.602592827,1980.4773006082,886.76208891763,2.3627119626216,214631.19591571,4059.0167375619,1048.2349914264,1.9893146439085,64763.371765964,1944.8608697553,959.74657837025,2.4059798760513,57311.559531684,1944.8609190646,959.74647732666,2.4059798759637,61075.293425679,1980.4775459717,886.76158612362,2.3627119626382,205171.84677177,1980.477823903,886.76101659223,2.362711962701,211281.03225058,176000,1980.4776636794,886.76134491933,2.3627119626763,213533.56247575,156010.45,4059.0166452079,1048.2350961362,1.9893146436875
0.6060320961537,218605.96667588,111908.24045623,949.66913988371,1048.2357531531,-16845.475190338,16845.466485871,18087.250368774,-2571.1627860749,959.76674329468,886.7622531907,895.33544692065,199642.89016834,1048.2302471297,949.66649812371,959.74757669073,-2.4059823769441,949.66619130915,3000000000,228009.96154451,4145.9548906785,949.66565682714,1.947600867867,92960.047379635,4059.0160678521,1048.2357507345,1.9893170536547,269395.25190124,4145.9541487327,949.66649803543,1.9476008676262,94370.843560269,1944.860382575,959.74757669066,2.4059823769418,72159.600216273,1980.477220443,886.76225319052,2.3627120215799,214631.18873887,4059.0166626882,1048.2350763172,1.9893146656641,64763.37026433,1944.8608079977,959.74670492278,2.4059799576946,57311.557518008,1944.8608585165,959.74660140059,2.4059799576803,61075.291144997,1980.4774404714,886.76180231275,2.3627120215852,205171.8443562,1980.4777819874,886.76110248477,2.3627120215842,211281.03018783,176000,1980.4776365358,886.76140054137,2.3627120215878,213533.55533995,156010.45,4059.0165822228,1048.2351675478,1.9893146654528
0.70845622453832,218605.96476291,111908.24045647,949.66920423323,1048.2355334506,-16845.475285412,16845.46652007,18087.250054105,-2571.1627896891,959.76687069778,886.76236112699,895.335545802,199642.88734703,1048.2303317311,949.66668811933,959.74767511155,-2.4059824490585,949.66628538685,3000000000,228009.95961293,4145.9548021018,949.66575725422,1.9476008755929,92960.046580342,4059.0162600194,1048.2355328578,1.9893170560566,269395.25082301,4145.9539809789,949.66668823252,1.9476008753253,94370.843358447,1944.8603345464,959.74767510976,2.4059824489815,72159.5972649,1980.4771677719,886.76236112314,2.3627120830833,214631.18685893,4059.0165965005,1048.23515136,1.9893146829836,64763.36884387,1944.8607459475,959.74683207476,2.4059800392283,57311.55557101,1944.8607966098,959.74672825869,2.405980039145,61075.28808401,1980.4773191432,886.76205093608,2.3627120830982,205171.84171118,1980.4777415966,886.76118525285,2.3627120831174,211281.02774795,176000,1980.4776110074,886.76145285368,2.3627120831226,213533.55363431,156010.45,4059.0165314107,1048.2352251579,1.9893146828219
0.81129004943647,218605.96261083,111908.23971412,949.66933011038,1048.2360016187,-16845.475400215,16845.466564407,18087.2499549,-2571.1627933166,959.76699779959,886.76244009429,895.33564526307,199642.88428774,1048.2304085019,949.66695462899,959.74778433187,-2.4059825226819,949.66639039472,3000000000,228009.9576796,4145.954716685,949.66585409863,1.9476009049892,92960.046797029,4059.0158454297,1048.2360029141,1.9893170791886,269395.25130455,4145.9537458774,949.66695478748,1.9476009047253,94370.843165944,1944.8602812456,959.74778433274,2.4059825225534,72159.594080459,1980.4771292317,886.76244009889,2.3627121444661,214631.18856674,4059.0165412397,1048.2352140139,1.989314709391,64763.367417198,1944.8606859631,959.74695499364,2.4059801219668,57311.553596249,1944.8607348259,959.74685486487,2.4059801219032,61075.284641119,1980.4772260476,886.76224170575,2.3627121444886,205171.83883648,1980.4777036452,886.76126302221,2.3627121444843,211281.0250455,176000,1980.4775789134,886.76151862017,2.3627121445096,213533.55573295,156010.45,4059.0164895201,1048.2352726529,1.9893147092773
0.91453520963422,218605.95974385,111908.23888131,949.66947252545,1048.2366921193,-16845.475535308,16845.466633206,18087.250036396,-2571.1627969573,959.76711973332,886.76251999577,895.33574530749,199642.88116195,1048.2304732266,949.66711102835,959.74789360774,-2.4059825947963,949.6665035443,3000000000,228009.95519972,4145.9546338587,949.66594800601,1.9476009526454,92960.047242604,4059.0152358579,1048.2366940387,1.9893171207301,269395.25115132,4145.9536079855,949.66711112758,1.9476009523836,94370.842981925,1944.8602279164,959.74789361399,2.4059825946803,72159.591005564,1980.4770902375,886.76252000517,2.3627122050062,214631.19051023,4059.0164948626,1048.2352665956,1.989314748733,64763.365992209,1944.860631128,959.74706736069,2.4059802050436,57311.551613726,1944.8606756075,959.74697621407,2.4059802049868,61075.28124219,1980.4771824572,886.76233103039,2.3627122050324,205171.83590333,1980.4776687756,886.76133447623,2.3627122050344,211281.02229004,176000,1980.4775305339,886.76161775848,2.3627122050553,213533.55817857,156010.45,4059.0164446989,1048.2353234707,1.9893147486401
1.0181933504728,218605.95666864,111908.2385012,949.66960639205,1048.2371324521,-16845.475683846,16845.466734757,18087.25015948,-2571.1628006118,959.76723091006,886.76260625475,895.33584580767,199642.87809289,1048.2305358367,949.66717149214,959.74799962161,-2.4059826644177,949.6666175015,3000000000,228009.95253343,4145.9545513227,949.66604158423,1.9476010046868,92960.047206647,4059.0148480959,1048.2371336782,1.98931716737,269395.24977166,4145.9535547097,949.66717153092,1.947601004421,94370.842806078,1944.8601761831,959.74799962472,2.4059826642951,72159.588179734,1980.4770481441,886.76260626208,2.3627122643144,214631.19047103,4059.0164478135,1048.2353199394,1.9893147944722,64763.36465007,1944.8605834439,959.74716507398,2.40598028627,57311.549717912,1944.8606216721,959.74708673741,2.4059802862146,61075.278050855,1980.4771750928,886.76234612134,2.3627122643384,205171.83302829,1980.4776365328,886.76140054754,2.3627122643317,211281.01957786,176000,1980.4774606634,886.76176093556,2.3627122643566,213533.55860394,156010.45,4059.0163747958,1048.2354027259,1.9893147943464
1.1222661238746,218605.95388859,111908.23862982,949.66973049033,1048.2371719356,-16845.475822737,16845.466868993,18087.2502007,-2571.1628042844,959.76732826642,886.76269514076,895.33594640417,199642.87512119,1048.2306181653,949.66722505661,959.74810356234,-2.4059827319953,949.66672895786,3000000000,228009.95006881,4145.9544639439,949.66614065312,1.9476010501935,92960.046519304,4059.0148142476,1048.2371720549,1.9893172080924,269395.24753277,4145.9535074789,949.66722508065,1.9476010499172,94370.842638253,1944.860125466,959.74810355336,2.4059827318804,72159.585565833,1980.4770047759,886.76269513144,2.3627123220343,214631.1882253,4059.0163816237,1048.2353949845,1.9893148377436,64763.363437726,1944.8605417069,959.74725060052,2.4059803639236,57311.547967262,1944.8605744146,959.74718357663,2.4059803638489,61075.275069396,1980.4771738564,886.76234865482,2.3627123220475,205171.83024093,1980.4776044889,886.76146621132,2.3627123220372,211281.01692734,176000,1980.4773738227,886.76193888782,2.3627123220614,213533.55673901,156010.45,4059.0162531165,1048.2355406842,1.9893148375186
1.2267551883701,218605.95139031,111908.23891572,949.66985738653,1048.2369838414,-16845.475915434,16845.46702053,18087.250106262,-2571.1628079585,959.76741475402,886.76278456619,895.33604653763,199642.87219896,1048.2307478794,949.66731470378,959.74820708924,-2.4059827985213,949.66683835625,3000000000,228009.94775818,4145.9543651685,949.66625264345,1.9476010864441,92960.045506192,4059.0149806946,1048.2369833395,1.9893172396923,269395.24494532,4145.9534283861,949.66731475497,1.9476010861535,94370.842475337,1944.8600749439,959.74820708226,2.4059827984305,72159.583043523,1980.4769611345,886.76278456049,2.3627123784459,214631.18484977,4059.0162728647,1048.235518294,1.9893148756665,64763.362330536,1944.8605012996,959.7473334024,2.4059804376926,57311.546344832,1944.8605322857,959.74726990632,2.4059804376189,61075.272215793,1980.4771558379,886.76238557806,2.362712378458,205171.82748034,1980.4775681,886.76154077865,2.362712378457,211281.01429038,176000,1980.4772842021,886.76212253662,2.3627123784727,213533.55373713,156010.45,4059.0160639458,1048.2357551634,1.9893148752693
1.3316622091236,218605.94886675,111908.23894957,949.66999941267,1048.2368430868,-16845.475922349,16845.467161246,18087.249892914,-2571.1628116309,959.76749932653,886.76287473608,895.33614558816,199642.86920438,1048.2309455019,949.6674272158,959.74831151342,-2.4059828650379,949.66694622869,3000000000,228009.94533194,4145.9542513491,949.66638169039,1.9476011169395,92960.044619706,4059.0151047268,1048.2368427134,1.9893172652413,269395.24234145,4145.9533291387,949.66742728038,1.9476011166509,94370.842312351,1944.8600239844,959.74831150747,2.4059828649376,72159.580454443,1980.4769171307,886.76287473224,2.3627124344926,214631.18153382,4059.0161046669,1048.2357089945,1.9893149128713,64763.361231623,1944.8604566115,959.7474249765,2.405980508962,57311.544752571,1944.8604909173,959.74735467765,2.4059805088927,61075.269334665,1980.4771160447,886.76246712156,2.362712434505,205171.82461394,1980.4775219359,886.76163537724,2.3627124344993,211281.01154734,176000,1980.4772090669,886.76227650233,2.3627124345195,213533.55088908,156010.45,4059.0158204266,1048.2360312624,1.989314912293
1.4369888579601,218605.94613579,111908.23856685,949.67015826357,1048.2369040248,-16845.475820363,16845.467264332,18087.249624831,-2571.1628152825,959.76759276259,886.76296606835,895.33624312896,199642.86602,1048.2312075524,949.66753862756,959.74841825874,-2.4059829328275,949.66705176386,3000000000,228009.94267719,4145.9541258617,949.66652396634,1.9476011470091,92960.044089222,4059.0150504967,1048.2369041988,1.9893172899464,269395.23991121,4145.9532308802,949.66753868456,1.9476011467386,94370.842145847,1944.8599718947,959.74841824865,2.405982932719,72159.577686947,1980.4768725642,886.76296605687,2.3627124914725,214631.17886488,4059.0158815655,1048.2359619439,1.9893149564757,64763.360055646,1944.8604041944,959.74753238844,2.4059805802795,57311.543094367,1944.8604451723,959.74744841737,2.4059805801997,61075.266281676,1980.4770628353,886.76257615714,2.3627124914832,205171.82152296,1980.4774621824,886.76175782285,2.3627124914786,211281.00858941,176000,1980.4771593031,886.76237847725,2.3627124914978,213533.54880259,156010.45,4059.0155695765,1048.2363156729,1.9893149557961
1.542736813392,218605.94326634,111908.23790363,949.67032299092,1048.2371323769,-16845.475622574,16845.467322032,18087.24938078,-2571.1628189023,959.76770164664,886.76305834336,895.3363391289,199642.86256691,1048.2314965343,949.6676421433,959.74852875214,-2.4059830033091,949.66715404266,3000000000,228009.93992379,4145.9539992379,949.66666753068,1.9476011802072,92960.043832582,4059.0148486958,1048.237132998,1.9893173175391,269395.23774579,4145.9531395908,949.66764218727,1.9476011799566,94370.841971724,1944.8599179749,959.74852873991,2.4059830032069,72159.57467333,1980.4768275372,886.76305832546,2.3627125505736,214631.17679113,4059.0156375684,1048.2362385846,1.9893150096978,64763.358749777,1944.8603445985,959.74765451125,2.4059806542996,57311.541298408,1944.860392005,959.7475573667,2.4059806542086,61075.262952026,1980.4770074705,886.76268960955,2.3627125505827,205171.81813931,1980.4773893854,886.76190699712,2.3627125505871,211281.00535036,176000,1980.4771335014,886.76243134959,2.3627125506009,213533.54734253,156010.45,4059.0153748068,1048.2365365002,1.9893150090654
1.6489077606455,218605.94045118,111908.23723126,949.67047667944,1048.2373900351,-16845.475385857,16845.467352194,18087.249221735,-2571.1628225001,959.76782475397,886.7631509575,895.3364339984,199642.85884155,1048.2317498198,949.66774374703,959.74864359972,-2.4059830775149,949.66725351182,3000000000,228009.9372925,4145.953884214,949.66679794336,1.9476012171095,92960.043607733,4059.0146213679,1048.2373907393,1.9893173488386,269395.23588503,4145.9530499765,949.66774379081,1.9476012168722,94370.841785856,1944.8598619285,959.74864358915,2.4059830774023,72159.571412318,1980.4767823401,886.76315094243,2.3627126124598,214631.17505533,4059.0154272861,1048.2364769999,1.9893150691137,64763.357313473,1944.8602816988,959.74778340414,2.4059807327089,57311.53934504,1944.8603321046,959.74768011362,2.4059807326181,61075.259329615,1980.4769567019,886.76279364357,2.362712612472,205171.81448295,1980.4773096789,886.76207033006,2.3627126124756,211281.00184931,176000,1980.4771195082,886.76246002415,2.3627126124917,213533.54612839,156010.45,4059.0152820141,1048.2366417074,1.9893150686857
1.7555033916881,218605.93782172,111908.23674538,949.67060692743,1048.2375650865,-16845.475195787,16845.46738797,18087.24916973,-2571.1628260706,959.76795426255,886.76324328207,895.33652843002,199642.85492315,1048.2319086507,949.6678485165,959.74876180275,-2.4059831554432,949.6673520588,3000000000,228009.93490945,4145.9537887295,949.66690620244,1.9476012563641,92960.043230545,4059.0144671647,1048.2375655729,1.989317382661,269395.23433188,4145.9529575632,949.66784856781,1.9476012561289,94370.841587277,1944.8598042446,959.7487617938,2.4059831553122,72159.567977771,1980.4767372829,886.76324327276,2.3627126770406,214631.17355983,4059.0153001978,1048.236621091,1.989315126931,64763.355794525,1944.8602202088,959.74790940815,2.4059808155772,57311.537272758,1944.8602692452,959.74780892372,2.4059808154935,61075.255500837,1980.4769113226,886.76288663395,2.3627126770562,205171.81066245,1980.4772332018,886.76222704542,2.3627126770516,211280.9981951,176000,1980.4771020131,886.76249587472,2.3627126770756,213533.54499031,156010.45,4059.0152903184,1048.236632292,1.9893151267902
1.8625254052549,218605.93536864,111908.23646566,949.67071321953,1048.2376413351,-16845.475131704,16845.467457845,18087.24920497,-2571.1628296317,959.76808066303,886.76333475139,895.33662310228,199642.8509526,1048.2319523577,949.66795566311,959.74888071767,-2.4059832358046,949.66745191765,3000000000,228009.93274098,4145.9537114951,949.66699376973,1.9476012964476,92960.042680222,4059.0144001489,1048.2376415545,1.9893174175013,269395.23304019,4145.9528630548,949.66795572016,1.9476012962049,94370.841378871,1944.8597462142,959.74888070868,2.4059832356675,72159.564502961,1980.4766926444,886.76333474506,2.3627127434811,214631.17238513,4059.0152717092,1048.236653391,1.9893151759712,64763.354264313,1944.8601631402,959.74802635199,2.4059809014081,57311.535158844,1944.8602079331,959.74793456323,2.4059809013277,61075.251627294,1980.4768686885,886.76297399903,2.3627127434978,205171.80684118,1980.4771699797,886.762356599,2.362712743487,211280.99455339,176000,1980.47707081,886.76255981552,2.362712743515,213533.54403545,156010.45,4059.0153486812,1048.2365661211,1.9893151760732
1.9699755068759,218605.93297731,111908.23628232,949.67080671076,1048.2376773345,-16845.475228811,16845.467570142,18087.249279837,-2571.1628331855,959.76819789235,886.76342481446,895.33671842249,199642.847075,1048.2319148897,949.66806193803,959.74899701539,-2.4059833164195,949.66755448221,3000000000,228009.93064477,4145.953643038,949.66707138545,1.9476013366719,92960.042056302,4059.0143684946,1048.2376774438,1.989317452584,269395.23188062,4145.9527693197,949.66806199581,1.9476013364203,94370.841165886,1944.8596894616,959.748997005,2.4059833162839,72159.56112251,1980.4766486942,886.76342480688,2.3627128104593,214631.17154772,4059.0153104967,1048.2366094141,1.9893152137861,64763.352780504,1944.8601106821,959.74813384808,2.4059809878813,57311.533078553,1944.8601509998,959.74805122987,2.4059809877994,61075.24787032,1980.4768258995,886.76306168133,2.3627128104745,205171.80316793,1980.4771252558,886.76244824632,2.3627128104625,211280.99107404,176000,1980.477024687,886.76265432986,2.3627128104911,213533.5433832,156010.45,4059.015383198,1048.2365269864,1.9893152139681
2.0778554089034,218605.93051727,111908.23607256,949.67090316504,1048.2377384416,-16845.475459318,16845.467711021,18087.249341132,-2571.1628367389,959.76830568237,886.76351297879,895.33681440809,199642.84338106,1048.2318697075,949.66816563489,959.74910827334,-2.4059833951388,949.66765979762,3000000000,228009.92846943,4145.9535713218,949.66715269642,1.9476013769613,92960.041466632,4059.014314538,1048.237738619,1.9893174877539,269395.23064502,4145.9526778604,949.6681656912,1.9476013767041,94370.84095448,1944.8596351679,959.74910826257,2.4059833949979,72159.557913983,1980.47660567,886.76351297126,2.3627128766198,214631.17081639,4059.0153529574,1048.2365612728,1.9893152435213,64763.351365529,1944.8600607848,959.74823609667,2.4059810729107,57311.531074579,1944.8600985286,959.7481587529,2.4059810728312,61075.24431991,1980.4767815691,886.76315252234,2.362712876636,205171.79971588,1980.4770968996,886.76250635332,2.36271287662,211280.98782699,176000,1980.4769695777,886.76276725891,2.3627128766512,213533.54290996,156010.45,4059.0153384034,1048.2365777739,1.9893152435891
2.186166830539,218605.92792122,111908.23578648,949.67101407273,1048.2378452712,-16845.475744999,16845.467855292,18087.249350576,-2571.1628402912,959.76840836757,886.76359902055,895.33691076407,199642.83987576,1048.2318901239,949.66826734465,959.74921438381,-2.4059834708113,949.66776684034,3000000000,228009.92613433,4145.9534881536,949.66724699144,1.9476014170455,92960.040946761,4059.014220205,1048.2378455726,1.9893175227057,269395.22912579,4145.9525881536,949.66826739959,1.9476014167878,94370.840750053,1944.8595833853,959.74921437439,2.4059834706669,72159.55486929,1980.4765636807,886.76359901495,2.3627129410521,214631.16978655,4059.0153375529,1048.2365787382,1.9893152715076,64763.350004508,1944.860010707,959.74833871517,2.4059811554698,57311.529145325,1944.8600484444,959.74826138441,2.4059811553958,61075.240962944,1980.476735917,886.76324607179,2.3627129410683,205171.79645962,1980.4770764787,886.76254819931,2.3627129410495,211280.98477868,176000,1980.4769134293,886.7628823171,2.3627129410819,213533.54225959,156010.45,4059.0152060081,1048.236727882,1.9893152713419
2.2949114978612,218605.92521118,111908.2354561,949.67114149302,1048.237970626,-16845.475994882,16845.467981098,18087.249295968,-2571.1628438409,959.76851168447,886.7636832275,895.3370070975,199642.83649218,1048.2320097037,949.66836876303,959.74931795046,-2.4059835437802,949.6678742552,3000000000,228009.92365495,4145.9533925278,949.66735541061,1.947601456083,92960.040458949,4059.0141095971,1048.2379709783,1.9893175566017,269395.22723164,4145.9524987034,949.66836881706,1.9476014558278,94370.840554748,1944.8595328442,959.74931794219,2.4059835436351,72159.55191451,1980.4765225872,886.7636832229,2.3627130035773,214631.16814754,4059.0152377018,1048.236691948,1.9893153034916,64763.348665872,1944.8599584328,959.74844583445,2.4059812358044,57311.527260707,1944.8599980287,959.74836469531,2.4059812357336,61075.237708255,1980.4766899626,886.76334024053,2.3627130035942,205171.79330248,1980.4770534463,886.76259539689,2.3627130035758,211280.98182173,176000,1980.476861582,886.76298856145,2.3627130036078,213533.54109138,156010.45,4059.0150235643,1048.2369347343,1.9893153031047
2.4040911438526,218605.92246697,111908.23514486,949.67127904682,1048.2380726,-16845.476146985,16845.468079487,18087.249190187,-2571.1628473812,959.76861979961,886.76376647169,895.33710311546,199642.8331346,1048.2322077457,949.66847178129,959.74942334791,-2.4059836156074,949.66798110131,3000000000,228009.9211114,4145.9532894729,949.66747225299,1.9476014931021,92960.039944647,4059.0140197126,1048.2380728882,1.9893175884632,269395.22504513,4145.9524078419,949.66847183456,1.9476014928492,94370.840367576,1944.8594814107,959.74942333877,2.4059836154651,72159.548960312,1980.476481965,886.76376646508,2.3627130647352,214631.16590127,4059.0150726321,1048.2368791019,1.9893153418407,64763.347324247,1944.8599032912,959.74855882957,2.4059813150707,57311.525386987,1944.8599453144,959.74847271636,2.4059813149969,61075.234447298,1980.4766446916,886.76343300912,2.3627130647507,205171.79013325,1980.4770200649,886.76266380141,2.3627130647333,211280.97883822,176000,1980.4768150678,886.76308387738,2.3627130647648,213533.53933165,156010.45,4059.0148465242,1048.2371354601,1.989315341353
2.513707508428,218605.91976728,111908.23489206,949.67141733933,1048.2381297301,-16845.47619137,16845.468154954,18087.249060525,-2571.1628509198,959.76873399403,886.7638499777,895.33719875004,199642.82972859,1048.2324275922,949.6685783784,959.74953485154,-2.4059836882167,949.66808727051,3000000000,228009.91858986,4145.9531859121,949.66758966879,1.9476015277902,92960.03937567,4059.0139694321,1048.2381298955,1.989317617945,269395.22277349,4145.9523138223,949.66857843281,1.947601527538,94370.840185618,1944.8594269977,959.74953484077,2.4059836880797,72159.545950045,1980.4764412152,886.76384996886,2.3627131254499,214631.16335708,4059.0148907574,1048.2370853091,1.9893153850986,64763.3459723,1944.8598457758,959.74867668903,2.4059813946564,57311.523504599,1944.8598896989,959.74858668268,2.4059813945785,61075.231110986,1980.4766006273,886.76352330475,2.3627131254637,205171.78688052,1980.4769743906,886.76275739641,2.3627131254496,211280.97575649,176000,1980.4767718008,886.76317253941,2.3627131254782,213533.53722255,156010.45,4059.0147141334,1048.237285563,1.9893153846559
2.6237623384617,218605.91714216,111908.23468953,949.6715497385,1048.238153093,-16845.476164612,16845.468219494,18087.248934635,-2571.1628544555,959.76885305685,886.76393485575,895.33729415226,199642.82624654,1048.2326135298,949.66869053099,959.74965475574,-2.4059837629358,949.6681934583,3000000000,228009.9161339,4145.9530865473,949.66770232728,1.9476015609151,92960.03876835,4059.0139489067,1048.238153167,1.9893176457623,269395.22062525,4145.9522148999,949.6686905897,1.9476015606612,94370.840005702,1944.8593684843,959.74965474528,2.4059837628003,72159.542877385,1980.4763997944,886.76393484756,2.3627131865929,214631.1609177,4059.0147383836,1048.2372580685,1.9893154297024,64763.344618537,1944.8597869772,959.74879717779,2.4059814755552,57311.521612115,1944.8598317582,959.74870541345,2.4059814754758,61075.227691535,1980.4765578017,886.76361106202,2.362713186607,205171.78353332,1980.4769199928,886.76286886722,2.3627131865949,211280.97257172,176000,1980.4767289884,886.76326026971,2.3627131866225,213533.53514604,156010.45,4059.0146310412,1048.2373797719,1.9893154293912
2.7342573878156,218605.91456163,111908.23449623,949.67167509558,1048.2381738657,-16845.476122764,16845.468285251,18087.248829893,-2571.1628579929,959.76897453305,886.76402162694,895.33738959394,199642.82270596,1048.2327413689,949.66880952849,959.74978238044,-2.4059838399626,949.66830078871,3000000000,228009.9137283,4145.9529920902,949.66780942153,1.94760159401,92960.038163631,4059.0139305914,1048.2381739326,1.9893176734146,269395.21869929,4145.9521099397,949.66880959216,1.9476015937524,94370.839825741,1944.8593062034,959.74978237018,2.4059838398266,72159.539773506,1980.4763574498,886.7640216192,2.3627132486306,214631.15884138,4059.0146346925,1048.2373756321,1.9893154724736,64763.343274942,1944.8597280493,959.74891793179,2.4059815580576,57311.519717502,1944.8597726615,959.74882651325,2.4059815579767,61075.224227768,1980.4765159135,886.76369689864,2.3627132486455,205171.78012869,1980.4768630706,886.762985511,2.362713248634,211280.96932921,176000,1980.4766849854,886.76335043971,2.3627132486615,213533.53338816,156010.45,4059.0145731287,1048.2374454324,1.9893154722874
2.8451944173668,218605.91196271,111908.23426805,949.67179661974,1048.2382217207,-16845.476110951,16845.468359886,18087.248750368,-2571.1628615355,959.7690959393,886.76411001691,895.33748534577,199642.81914865,1048.232824938,949.66893494289,959.74991437758,-2.4059839184928,949.66841031901,3000000000,228009.91132125,4145.9529002113,949.66791359263,1.947601628608,92960.037596947,4059.0138883182,1048.2382218615,1.9893177024384,269395.21695926,4145.9519993207,949.66893501052,1.9476016283469,94370.839644638,1944.8592417886,959.74991436762,2.4059839183542,72159.536680589,1980.4763143155,886.76411000922,2.3627133115311,214631.15713947,4059.0145672577,1048.2374520888,1.9893155123435,64763.341948577,1944.8596698852,959.74903712043,2.4059816417857,57311.517829711,1944.8597135967,959.74894754779,2.4059816417046,61075.220772913,1980.4764744939,886.7637817747,2.3627133115468,205171.77672152,1980.4768089566,886.76309640039,2.3627133115348,211280.96608956,176000,1980.4766397727,886.76344308876,2.3627133115632,213533.53200903,156010.45,4059.0145091544,1048.2375179655,1.9893155122095
2.9565751950363,218605.90929072,111908.23398107,949.67191862187,1048.2383101662,-16845.476145836,16845.468445661,18087.248690648,-2571.1628650911,959.76921547583,886.7641991321,895.33758158052,199642.81561205,1048.2328987446,949.66906403509,959.75004608679,-2.4059839972796,949.66852264707,3000000000,228009.90886242,4145.9528078964,949.66801825806,1.9476016655414,92960.037080869,4059.0138102115,1048.2383104178,1.9893177337114,269395.21529183,4145.9518854595,949.66906410492,1.9476016652769,94370.839461758,1944.8591775142,959.75004607753,2.4059839971367,72159.53362231,1980.4762708267,886.76419912553,2.3627133748887,214631.15565006,4059.0145071304,1048.2375202603,1.9893155504846,64763.340634456,1944.8596129778,959.74915373393,2.4059817259906,57311.515948896,1944.8596554305,959.74906674088,2.4059817259119,61075.217360195,1980.4764330374,886.76386672673,2.3627133749054,205171.77335139,1980.4767599494,886.76319682504,2.3627133748923,211280.96289283,176000,1980.4765943344,886.76353620002,2.3627133749224,213533.53088287,156010.45,4059.0144215001,1048.2376173469,1.9893155503241
3.0684014958164,218605.90653078,111908.23363819,949.67204366311,1048.238434777,-16845.476216905,16845.468540755,18087.2486424,-2571.1628686567,959.76933230449,886.76428793028,895.3376783374,199642.81211276,1048.2329921296,949.66919220014,959.75017327312,-2.405984075246,949.66863774238,3000000000,228009.90633407,4145.9527134094,949.66812538619,1.94760170473,92960.036606192,4059.0137002173,1048.2384351278,1.9893177672176,269395.21359272,4145.9517724183,949.66919226949,1.9476017044616,94370.839276293,1944.8591154468,959.7501732648,2.405984075102,72159.530596093,1980.4762274927,886.76428792471,2.3627134381727,214631.15419249,4059.0144303554,1048.2376073067,1.9893155891281,64763.339318498,1944.8595573405,959.74926774494,2.4059818099155,57311.514066635,1944.8595985674,959.74918326345,2.4059818098377,61075.213991554,1980.4763911109,886.76395264153,2.362713438191,205171.77002891,1980.4767152577,886.76328840638,2.3627134381769,211280.95974601,176000,1980.4765497054,886.76362765284,2.3627134382079,213533.52983478,156010.45,4059.0143135035,1048.237739792,1.9893155889037
3.1806751017997,218605.90370976,111908.23326132,949.67217168921,1048.2385802388,-16845.476300944,16845.468640747,18087.248599078,-2571.1628722315,959.76944664793,886.76437572512,895.33777553101,199642.80864608,1048.2331126247,949.66931448043,959.75029350936,-2.4059841518363,949.66875500498,3000000000,228009.90375652,4145.9526168172,949.66823490108,1.9476017454379,92960.036152542,4059.0135718695,1048.2385806468,1.9893178022863,269395.21182246,4145.9516645707,949.66931454564,1.9476017451682,94370.839087555,1944.8590567715,959.75029350102,2.4059841516929,72159.527582773,1980.4761846489,886.76437571941,2.3627135009715,214631.15268028,4059.0143313479,1048.2377195602,1.9893156299974,64763.337985507,1944.8595024578,959.74938020945,2.4059818930675,57311.512172138,1944.8595428948,959.74929734671,2.4059818929908,61075.210647088,1980.4763484596,886.76404004185,2.362713500989,205171.76674055,1980.4766724994,886.76337602573,2.3627135009748,211280.95663147,176000,1980.4765063366,886.76371652345,2.3627135010049,213533.5287575,156010.45,4059.0142022985,1048.2378658747,1.9893156297282
3.2933978022069,218605.90087794,111908.2328794,949.67230109992,1048.23872899,-16845.476378313,16845.468739526,18087.248556812,-2571.1628758146,959.76955979103,886.76446246893,895.33787300492,199642.80519522,1048.2332465833,949.66942753857,959.75040674442,-2.4059842270209,949.66887348096,3000000000,228009.90117221,4145.9525191837,949.66834559668,1.9476017867494,92960.035698548,4059.0134406634,1048.2387294066,1.9893178380393,269395.21000302,4145.9515648597,949.66942759676,1.9476017864798,94370.838895529,1944.8590015132,959.75040673516,2.4059842268793,72159.524562005,1980.4761423189,886.76446246123,2.3627135631198,214631.15113154,4059.0142218939,1048.2378436577,1.9893156733348,64763.336624516,1944.8594473437,959.74949314819,2.4059819753566,57311.510256721,1944.8594877825,959.74941028182,2.405981975278,61075.20730257,1980.4763050775,886.76412893948,2.3627135631359,205171.76346342,1980.4766295024,886.76346413448,2.362713563122,211280.95352451,176000,1980.4764639917,886.76380329565,2.3627135631514,213533.52763875,156010.45,4059.0141054135,1048.2379757217,1.9893156730709
3.4065713934157,218605.89808234,111908.23251765,949.67243054174,1048.2388670868,-16845.476441917,16845.468830103,18087.248512335,-2571.1628794051,959.76967386899,886.76454869099,895.33797060833,199642.80174295,1048.2333723618,949.66953113992,959.7505149591,-2.4059843010674,949.66899213831,3000000000,228009.89862148,4145.9524213064,949.66845656871,1.9476018279382,92960.035227582,4059.0133188878,1048.2388674741,1.9893178737619,269395.20818006,4145.951473489,949.66953119165,1.9476018276702,94370.838701682,1944.858948705,959.75051494879,2.4059843009266,72159.52152397,1980.4761002432,886.76454868191,2.3627136247023,214631.14960582,4059.0141200167,1048.2379591648,1.989315717932,64763.335232568,1944.859390794,959.74960902859,2.4059820570665,57311.508317844,1944.8594321909,959.74952419897,2.4059820569863,61075.203943004,1980.4762612023,886.76421884774,2.3627136247171,205171.76017908,1980.4765853609,886.76355458837,2.3627136247033,211280.95040815,176000,1980.476422026,886.76388929091,2.3627136247322,213533.52651581,156010.45,4059.0140309438,1048.2380601544,1.9893157177148
3.5201976789894,218605.89534816,111908.23219112,949.67256012311,1048.2389868837,-16845.476496348,16845.468906104,18087.248461011,-2571.1628830046,959.76979128476,886.76463516815,895.3380682695,199642.79828082,1048.2334747887,949.66962837392,959.75062116623,-2.4059843742758,949.66911011496,3000000000,228009.89612463,4145.9523229063,949.66856813341,1.9476018686372,92960.034730008,4059.0132132708,1048.2389872213,1.9893179090649,269395.20638321,4145.9513877315,949.66962842237,1.9476018683715,94370.838508678,1944.8588968762,959.75062115542,2.4059843741339,72159.518471971,1980.4760580425,886.76463515874,2.3627136859477,214631.14813742,4059.0140380963,1048.238052045,1.989315761931,64763.333812534,1944.8593318193,959.74972987845,2.4059821387224,57311.506356984,1944.8593749602,959.74964147498,2.4059821386421,61075.200568083,1980.4762172111,886.76430899373,2.362713685962,205171.75688144,1980.476540424,886.7636466721,2.3627136859479,211280.9472792,176000,1980.4763797674,886.76397588641,2.3627136859776,213533.52541614,156010.45,4059.0139758976,1048.2381225651,1.9893157617764
3.6342784697054,218605.89267397,111908.2319014,949.67269141146,1048.2390876955,-16845.476550889,16845.468964074,18087.248397116,-2571.1628866086,959.769913833,886.76472253051,895.33816604282,199642.7948084,1048.233551983,949.66972441622,959.75072818423,-2.4059844468143,949.66922687428,3000000000,228009.89367734,4145.9522226878,949.66868175989,1.9476019088374,92960.034204219,4059.0131244001,1048.2390879817,1.989317943899,269395.20461509,4145.9513030221,949.66972446472,1.9476019085739,94370.838319671,1944.8588446513,959.75072817348,2.4059844466712,72159.515415786,1980.4760154094,886.76472252165,2.3627137470929,214631.14671746,4059.0139774339,1048.2381208232,1.9893158038048,64763.332370648,1944.8592700913,959.7498563702,2.405982220888,57311.504377516,1944.8593152358,959.74976386102,2.4059822208075,61075.19718617,1980.4761734531,886.76439866163,2.3627137471082,205171.75357377,1980.4764955829,886.76373855969,2.3627137470933,211280.94414376,176000,1980.4763367902,886.76406395441,2.3627137471233,213533.52433763,156010.45,4059.0139307275,1048.2381737784,1.9893158036979
3.7488155835842,218605.89003832,111908.23163908,949.67282645348,1048.2391749444,-16845.476612226,16845.469005545,18087.248316254,-2571.1628902274,959.77004185726,886.76481100529,895.33826411299,199642.79133121,1048.2336130522,949.66982436725,959.75083765063,-2.4059845186798,949.66934223323,3000000000,228009.89125822,4145.9521190892,949.66879921861,1.9476019487982,92960.033656507,4059.0130474789,1048.239175194,1.9893179784794,269395.20285977,4145.9512148625,949.66982441889,1.9476019485377,94370.838137083,1944.8587912317,959.75083763993,2.4059845185333,72159.512364145,1980.4759722335,886.76481099691,2.3627138082922,214631.14531443,4059.0139302697,1048.2381742974,1.9893158429751,64763.330914524,1944.8592061897,959.74998731614,2.4059823039626,57311.502383316,1944.859252871,959.74989165776,2.4059823038827,61075.193806819,1980.476130097,886.76448750619,2.3627138083077,205171.75026375,1980.4764514956,886.76382890238,2.3627138082918,211280.94100973,176000,1980.4762930104,886.76415366718,2.3627138083232,213533.52326206,156010.45,4059.0138850056,1048.2382256172,1.9893158428869
3.8638108459185,218605.8874097,111908.23138808,949.672966507,1048.2392575468,-16845.476680921,16845.46903755,18087.248218232,-2571.1628938599,959.77017386186,886.76490039374,895.33836275188,199642.78785599,1048.2336712305,949.66993118929,959.75094961858,-2.4059845897328,949.6694562741,3000000000,228009.88883835,4145.9520112339,949.66892150354,1.9476019889097,92960.033098211,4059.0129746347,1048.2392577838,1.9893180131557,269395.20109724,4145.9511206414,949.66993124561,1.9476019886518,94370.837961809,1944.8587365912,959.7509496082,2.4059845895841,72159.509319654,1980.4759286116,886.7649003861,2.3627138695745,214631.1438996,4059.0138854303,1048.2382251357,1.9893158798861,64763.329451045,1944.859141495,959.75011988736,2.4059823880362,57311.500377699,1944.8591886057,959.75002334896,2.4059823879566,61075.190434675,1980.4760870699,886.76457567635,2.3627138695908,205171.74695791,1980.476408204,886.76391761474,2.3627138695745,211280.93788183,176000,1980.4762486306,886.76424460952,2.3627138696058,213533.52217543,156010.45,4059.0138305914,1048.2382873113,1.9893158797868
3.9792660893022,218605.88475641,111908.23113341,949.67311116051,1048.2393439019,-16845.476752439,16845.469070911,18087.24810829,-2571.1628975075,959.77030684538,886.76499024603,895.33846223216,199642.7843864,1048.233738034,949.67004471471,959.75106284403,-2.4059846597974,949.66956919665,3000000000,228009.8863911,4145.9518995875,949.66904808671,1.9476020295186,92960.032540547,4059.0128984604,1048.2393441492,1.9893180482497,269395.19930965,4145.9510205082,949.67004477532,1.9476020292628,94370.837793138,1944.8586813368,959.75106283434,2.4059846596482,72159.506278335,1980.4758847634,886.76499023903,2.3627139308705,214631.1424537,4059.0138330908,1048.2382844775,1.9893159156476,64763.32798656,1944.8590777401,959.75025053267,2.40598247285,57311.498364627,1944.8591238983,959.75015594611,2.4059824727706,61075.187068034,1980.4760441144,886.76466370002,2.3627139308868,205171.74365849,1980.4763652317,886.76400567266,2.3627139308712,211280.93475928,176000,1980.4762040035,886.7643360584,2.362713930902,213533.52107033,156010.45,4059.0137620395,1048.2383650346,1.9893159155167
4.0951831536594,218605.8820533,111908.23086708,949.67325821069,1048.2394381484,-16845.476820704,16845.469116639,18087.247995799,-2571.1629011851,959.77043728458,886.76508011581,895.33856271599,199642.78092391,1048.2338209716,949.67016213087,959.75117557623,-2.4059847287906,949.66968119179,3000000000,228009.88389682,4145.9517860431,949.66917682189,1.9476020707437,92960.031989489,4059.0128153158,1048.2394384175,1.9893180838761,269395.19747955,4145.950916945,949.6701621939,1.947602070491,94370.837629094,1944.8586263234,959.75117556675,2.4059847286409,72159.503233848,1980.4758409067,886.76508010921,2.3627139920707,214631.14095351,4059.01376668,1048.2383597733,1.9893159515475,64763.326527377,1944.8590163992,959.75037623115,2.4059825578761,57311.496350052,1944.8590604465,959.75028597024,2.405982557797,61075.183701945,1980.4760009268,886.76475219913,2.3627139920881,205171.74036453,1980.4763219574,886.76409434958,2.3627139920724,211280.93163875,176000,1980.4761594729,886.7644273097,2.3627139921045,213533.51993202,156010.45,4059.0136761733,1048.2384623886,1.9893159513719
4.211563886274,218605.8792876,111908.2305893,949.67340427815,1048.2395387784,-16845.476881613,16845.46918193,18087.247891139,-2571.1629048901,959.7705623799,886.76516977301,895.33866419103,199642.77747116,1048.2339237783,949.67027958012,959.7512864646,-2.4059847968613,949.66979239888,3000000000,228009.88134669,4145.9516734193,949.66930451325,1.9476021123788,92960.0314442,4059.0127265447,1048.239539065,1.9893181198412,269395.19559246,4145.9508133551,949.67027964277,1.9476021121298,94370.837467278,1944.8585722098,959.75128645525,2.4059847967133,72159.50018572,1980.475797154,886.76516976639,2.3627140530884,214631.13936562,4059.0136828199,1048.2384548527,1.9893159886454,64763.325081158,1944.858958177,959.75049553903,2.4059826424887,57311.4943437,1944.8589995884,959.75041067956,2.4059826424097,61075.180336118,1980.4759573005,886.76484159738,2.3627140531058,205171.73707747,1980.476277972,886.76418448358,2.3627140530909,211280.92852114,176000,1980.4761152457,886.76451793909,2.3627140531221,213533.51873023,156010.45,4059.0135724616,1048.2385799756,1.9893159884204
4.3284101418191,218605.87646026,111908.23030546,949.67354590192,1048.2396404852,-16845.476934653,16845.469267574,18087.247802225,-2571.1629086179,959.7706810187,886.76525929756,895.33876643897,199642.77403456,1048.2340468761,949.6703939611,959.75139515959,-2.4059848644679,949.6699029512,3000000000,228009.87874256,4145.9515645713,949.66942792371,1.9476021539371,92960.030899709,4059.0126368369,1048.2396407744,1.9893181556754,269395.1936387,4145.9507124734,949.67039402104,1.9476021536921,94370.837305045,1944.8585191669,959.75139514977,2.4059848643242,72159.497141148,1980.4757534669,886.76525928917,2.3627141138947,214631.13765626,4059.0135811072,1048.2385701732,1.989316027562,64763.323655189,1944.8589028163,959.75060898301,2.4059827261555,57311.492356744,1944.8589418458,959.7505290046,2.4059827260744,61075.176976909,1980.4759132045,886.76493195791,2.3627141139102,205171.7338037,1980.4762332393,886.76427614907,2.3627141138967,211280.92541385,176000,1980.4760713317,886.76460792683,2.3627141139261,213533.5174286,156010.45,4059.0134540737,1048.2387142021,1.9893160272919
