time,dT,heat_exchanger_T_ambient,max_v,total_fission_source,total_power,lambda
0,-2.0738962932211,898.15,2.029243381301,31.456657852099,2996773157.3909,-3.6373642757379e-13
0.025,-3.0668262720842,898.15,2.0321035291997,31.464536128141,2996773048.0774,-4.829319597809e-14
0.05,-4.0198025135682,898.15,2.0330801009418,31.464536128141,2996773048.0774,1.262478039193e-14
