time,eigenvalue,power_scaling
0,1,4.4327922782557e+18
1,1.0276844445476,8.4077653328549e+18
