time,dT,heat_exchanger_T_ambient,max_v,total_fission_source,total_power,lambda
0,26.453741044313,896.80453415079,2.079548982178,31.483819845428,2999963812.2681,1.7950317013214e-13
1,44.106389112934,896.84456396019,2.0816086676811,31.468959311049,2999964899.7396,-1.3499718065062e-13
2.1,58.794135170034,896.16585040202,2.0754486495778,31.468959311049,2999964899.7396,7.3433026653791e-14
