time,eigenvalue,power_scaling
0,1,4.4327922782557e+18
1,1.0276844444916,8.3750699262838e+18
