time,dT,max_v,total_fission_source,total_power,lambda
0,0,0,0,0,0
1,8.3639527412122,2.1170001303877,31.456659020635,2996773157.4488,-1.9445138782364e-13
3,39.468823099733,2.0990452548494,31.456659020635,2996773157.4488,-6.9257983327824e-14
