time,eigenvalue,power_scaling
0,1,4.4327922782557e+18
1,1.027684443479,8.4077155204837e+18
