time,eigenvalue,power_scaling
0,1,4.4327922782557e+18
1,1.0276844443937,8.4102842305872e+18
