time,eigenvalue,power_scaling
0,1,4.4327922782557e+18
1,1.0276844395851,8.490673127443e+18
