time,dT,heat_exchanger_T_ambient,max_v,total_fission_source,total_power,lambda
0,-17.588739355081,949.66777139224,2.0721845073086,31.48382185276,2999963812.2748,7.0796291825635e-13
1,-7.6996644239023,949.66770512761,2.0769002136139,31.469789762839,2999964785.29,4.6207311384652e-13
2.1,11.736890142657,949.66878251918,2.0813155989053,31.469789762839,2999964785.29,8.4233672846633e-14
