time,eigenvalue,power_scaling
0,1,4.4327922782557e+18
1,1.0276844329844,8.4075986111753e+18
