time,dT,heat_exchanger_T_ambient,max_v,total_fission_source,total_power,lambda
0,0.36212768360735,898.13180219046,0.93376075460871,31.483820570899,2999963812.2738,2.3110838625704e-13
1,12.618580181099,897.68693873187,1.3342014825674,31.551051997361,2999964506.1532,3.7904018828868e-13
2.05,46.185922003957,896.8045377607,1.6010065529675,31.551051997361,2999964506.1532,8.0002500031283e-13
