time,dT,heat_exchanger_T_ambient,max_v,total_fission_source,total_power,lambda
0,-0.021497027058786,898.14987064275,0.37557744222969,31.483820464511,2999963812.2719,3.0466241419122e-14
1,1.0333172189247,897.937567735,0.92423631738353,31.523054657,2999963966.5501,2.2914774774355e-13
2.0625,15.375863296773,897.07320947234,1.345415691555,31.523054657,2999963966.5501,2.8544495616728e-13
