time,eigenvalue,power_scaling
0,1,4.4327930810345e+18
1,1.0276971163385,8.4096965405148e+18
