time,eigenvalue,power_scaling
0,1,4.4327922782557e+18
1,1.027684461619,8.4592298864102e+18
