time,dT,heat_exchanger_T_ambient,max_v,total_fission_source,total_power,lambda
0,26.442475350349,896.80453397964,2.0777512500024,31.483821500544,2999963812.2792,3.6464707588963e-13
1,44.134326431961,896.84456379006,2.0793079112908,31.468974150863,2999964899.2157,5.2862784674009e-14
2.1,58.879804514134,896.16585035068,2.0726515604662,31.468974150863,2999964899.2157,-2.7039065385345e-14
