time,eigenvalue,power_scaling
0,1,4.4327922782557e+18
1,1.0276844476227,8.3731411114028e+18
