time,dT,heat_exchanger_T_ambient,max_v,total_fission_source,total_power,lambda
0,26.453740934884,949.66777392721,2.0795489832118,31.483820692269,2999963812.2741,-4.2866531795824e-13
1,44.106239375579,949.66770766685,2.0816094311458,31.469381021552,2999964898.1801,-5.4285842903734e-13
2.1,58.793825996623,949.66878496083,2.0754500929517,31.469381021552,2999964898.1801,-6.4692930018594e-13
