time,dT,heat_exchanger_T_ambient,max_v,total_fission_source,total_power,lambda
0,0,873.15,0,0,0,0
1,8.2430539301347,873.15,2.0580535570196,63.033273173711,2999999199.1713,-2.3601226014463e-13
3,39.543669368255,873.15,2.0691387581976,63.033273173711,2999999199.1713,-1.9545472077797e-13
