time,dT,max_v,total_fission_source,total_power,lambda
0,0,0,0,0,0
1,8.0102785047094,2.1154299804465,63.033273173711,2999999199.1713,-5.0124225358701e-13
3,39.108458474965,2.0930139720724,63.033273173711,2999999199.1713,-5.2043841143197e-13
