time,dT,heat_exchanger_T_ambient,max_v,total_fission_source,total_power,lambda
0,0,873.15,0,0,0,0
0.25,-7.0940586738288e-11,873.15,0.21922146247258,63.033273173711,2999999199.1713,-3.6903824812133e-14
0.5,2.0577317627613e-11,873.15,0.37566888475312,63.033273173711,2999999199.1713,-1.3843042122635e-13
