time,dT,heat_exchanger_T_ambient,max_v,total_fission_source,total_power,lambda
0,0,873.15,0,0,0,0
1,8.252636458776,873.15,2.059176331792,63.033273173711,2999999199.1713,-6.8388853758409e-13
3,39.519672900273,873.15,2.0713615471772,63.033273173711,2999999199.1713,-3.55167991366e-13
