time,fuel_cP,fuel_k,fuel_temp_avg,fuel_temp_max,fuel_temp_min,heatpipe_surface_temp_avg,hp_heat_integral,mod_temp_avg,mod_temp_max,mod_temp_min,monolith_cP,monolith_k,monolith_temp_avg,monolith_temp_max,monolith_temp_min,power_density,total_evap_heat_exam
-20000,0,0,0,0,0,0,4.6307765968693e-08,0,0,0,0,0,0,0,0,533118.7190201,0
-19950,1077.5047127449,23.815344175017,823.60302859519,828.63210095822,806.39449304373,819.78359919915,-6656.7745771592,821.11290799691,825.23814637152,807.87091162557,1633.305420189,35.818500806851,821.4999200482,827.25362240766,805.18167007679,533118.7190201,0
-19900,1087.606602325,23.71671743415,844.36898381336,853.6457688067,812.54811510135,839.14663707428,-8523.6560258564,841.93853835595,849.9958748231,815.74197853056,1654.5077020206,35.66712864279,841.88912864629,852.15447444274,810.44840047114,533118.7190201,0
