time,DT_inner,DT_outer,Integral_BC_Cond,Integral_BC_RelErr,Integral_BC_Total,T_cond_inner,T_cond_outer,T_evap_inner,T_evap_outer,T_inner_avg,T_inner_max,T_inner_min,T_wall_var_avg,ZeroPP,avg_flux_uo,bc_scale_pp,catastrophic_pp,condenser_boundary_integral,evaporator_boundary_integral,hp_boiling_limit,hp_capillary_limit,hp_entrainment_limit,hp_sonic_limit,hp_viscous_limit,operational_pp,recoverable_pp,scale_pp,total_evap_heat,total_evap_heat_exam
-30000,-1.1368683772162e-12,-1.1368683772162e-12,0,0,0,800,800,800,800,800,800,800,799.99999999998,0,0,1,1,0,0,33420287.679108,10664.625862686,4260.5665504575,3510.4034606704,18381.695631363,1,1,0,0,0
-29950,-1.1368683772162e-12,-1.1368683772162e-12,0,0,0,800,800,800,800,800,800,800,799.99999999998,0,0,1,1,0,0,33420287.679108,10664.625862686,4260.5665504575,3510.4034606704,18381.695631363,1,1,1,0,0
-29900,4.946280329181,6.9701110415817,826.29801870874,0.22113384569257,182.72245856521,801.31753671314,800.01391634012,806.26381704232,806.9840273817,804.45291753903,807.5261736908,800.85587926922,815.07129530434,0,-1218942.0515281,1,1,-826.29801870874,1009.020477274,30672915.886475,10679.45341467,4439.6214893039,3848.0671734217,22001.815390389,1,1,1,-2720094.4791324,-182872.17702005
