time,ch_avg,ch_max,ch_min,eigenvalue,fuel_temp_avg,fuel_temp_max,fuel_temp_min,fuel_volume,integrated_power,mod_temp_avg,mod_temp_max,mod_temp_min,power_scaling
0,0,0,0,0,0,0,0,0,166666,0,0,0,1.2019617934511e+31
1,1.8,1.8,1.8,1.262200946827,1000,1000,1000,0.072382294738709,166666,1000,1000,1000,2.3801069998197e+14
2,1.8,1.8,1.8,1.2622981421103,1000,1000,1000,0.072382294738709,166666,1000,1000,1000,2.3800889792756e+14
3,1.8,1.8,1.8,1.2622981903846,1000,1000,1000,0.072382294738709,166666,1000,1000,1000,2.380089026462e+14
