time,pp00_inlet_mfr,pp01_outlet_mfr,pp02_inlet_pressure,pp03_total_power,pp04_T_oulet,pp05_rpv_temp,pp06_rpv_temp_max
5244.9975,-63.405456681922,63.405456681932,5941756.2896042,200000000,1139.2322162884,404.4449764169,508.53974267888
