time,Normalization,Tfuel_avg2,eigenvalue,total_power
2,2.8759397392688e+17,1149.9998113603,0.9926258963636,1000000000
