time,eigenvalue,fuel_temp_avg,fuel_temp_max,fuel_temp_min,integrated_power,mod_temp_avg,mod_temp_max,mod_temp_min,power_scaling,scaled_power_avg
0,0,865.69934488585,882.56178677958,833.64468633464,345600,863.1482197655,876.15770058559,840.07693551904,2.4096093168853e+32,2182696.3624032
1,0.83518288928196,850.65635139861,882.03799130442,817.62067571541,345600,849.20616267111,875.61273340264,820.37608112864,1.5815274051379e+15,2182696.3624032
