time,eigenvalue,fuel_temp_avg,fuel_temp_max,fuel_temp_min,integrated_power,mod_temp_avg,mod_temp_max,mod_temp_min,power_scaling,scaled_power_avg
0,0,865.69933261833,882.56166478689,833.64457684364,345600,863.14823957784,876.15758261448,840.07689101707,2.4096093185859e+32,2182696.3624032
1,0.83532302567965,846.14935186045,880.62123228494,811.33633387216,345600,844.92644037628,874.2326613086,814.48047750261,1.5811794030782e+15,2182696.3624032
