time,fuel_temp_avg,fuel_temp_max,fuel_temp_min,integrated_power,mod_temp_avg,mod_temp_max,mod_temp_min,power_scaling,scaled_power_avg
0,846.14935186045,880.62123228494,811.33633387216,345600,844.92644037628,874.2326613086,814.48047750261,1.3207955631217e+15,2182696.3624032
0.1,846.15770530893,880.63923844505,811.33806515597,384958.54055007,844.92644281858,874.23266813604,814.4804857223,1.3207955631217e+15,2431272.0084916
