time,fuel_temp_avg,fuel_temp_max,fuel_temp_min,integrated_power,mod_temp_avg,mod_temp_max,mod_temp_min,power_scaling,scaled_power_avg
0,850.65635139865,882.03799130528,817.62067571501,345600,849.20616267122,875.61273340305,820.37608112723,1.3208646277017e+15,2182696.3624032
0.1,850.66444818092,882.05549090908,817.6223587549,383868.1071038,849.20616403059,875.6127400155,820.37607586693,1.3208646277017e+15,2424385.188131
