time,air_vol,al_vol,b4c_vol,be_vol,beo_vol,fuel_vol,hp_fuel_gap_vol,hp_vol,ss_vol
1,0.026124322071673,8.347130319914e-05,0.010001336143449,1.4209266492554e-06,0.007502581504543,0.00046428398220381,4.9566323988573e-06,0.00015510584677576,0.12727888364224
