time,eigenvalue,power_scaling,total_power
0,1,9.7292822335917e+17,200000000
1,1.0012914551662,1.1694934949472e+18,200000000
