time,pp00_inlet_mfr,pp01_outlet_mfr,pp02_inlet_pressure,pp03_total_power,pp04_T_oulet,pp05_rpv_temp,pp06_rpv_temp_max
5242.8775,-63.388387754448,63.388387754459,5940134.1866766,199990311.4525,1139.3744652094,404.43632786625,508.51387303176
