time,Tavg_brefl,Tavg_fuel,Tavg_hp_holes,Tavg_monolith,Tavg_trefl,Tmax_brefl,Tmax_fuel,Tmax_hp_holes,Tmax_monolith,Tmax_trefl,hp_holes_area,hp_holes_perimeter,power
0,1200,1200,1073.15,1200,1200,1200,1200,1073.15,1200,1200,0.84898143145267,0.06737947868672,139904.41997861
0.01,1175.0463413798,1168.9489116907,1074.2685635469,1166.7200283113,1088.9622304929,1181.5507318185,1199.7278412708,1074.4701710481,1198.0647828779,1128.600890303,0.84898143145267,0.06737947868672,139904.41997861
