time,CH1UP_outlet_T,CH1_inlet_T,CH1_inlet_T_0,CH1_outlet_T,CH1_outlet_T_0,CH1_outlet_flow,CH1_velocity,CH2_outlet_T,CH2_outlet_flow,CH2_velocity,CH3_outlet_T,CH3_outlet_flow,CH3_velocity,CH4_outlet_T,CH4_outlet_flow,CH4_velocity,CH5_outlet_T,CH5_outlet_flow,CH5_velocity,Core_Radial_Expansion_Reactivity,DHX_flow,DHX_heatremoval,IHX_heatremoval,IHX_inlet_T,IHX_primaryflow,IHX_secondaryflow,NaHX_heatremoval,Total_Reactivity_Feedback,cover_gas:pressure,feedback-Axial,feedback-coolant,feedback-doppler,feedback-ext,feedback-total,max_Tci_Ref,max_Tci_core,max_Tco_Ref,max_Tco_core,max_Tcoolant_Ref,max_Tcoolant_core,max_Tf_Ref,max_Tf_core,pump_flow,reactor:decay_heat
-500,628.15,628.15,0,628.15,0,4.2615129066553,1,628.15,98.001727648025,1,628.15,25.566307807074,1,628.15,127.82721148403,1,628.15,133.24974496401,1,0,20.772246432506,0,0,628.15,662.98086530414,-894.93761713378,0,0,101237.0534,0,0,0,0,0,628.15,628.15,628.15,628.15,628.15,628.15,628.15,628.15,114.24735537878,16820017.447682
-490,820.0731266806,636.76847178457,636.76867914365,820.30685793491,820.23966007194,24.110670895113,5.6705348669959,800.21746502535,503.8046299898,5.1523698499888,786.08744673246,129.54284082003,5.0783850446238,784.34727890975,573.26484672381,4.4947957414465,628.12118849238,33.208841546385,0.24866303671687,0,5.4351354985229,0.00011390659637008,1.1282282937103,792.34397229435,1272.8149092635,-1259.3295302173,-0.68769497634538,-1.8347487679183e-07,102394.65868862,-2.2369391168612e-08,2.3384357782607e-08,-1.8448984340582e-07,0,-1.8347487679183e-07,655.32692088369,840.07892220016,655.15952232641,825.49275558481,655.152107051,820.30685793491,656.36235642418,903.83322564179,1267.3417364274,16820017.447682
-39,820.17534206312,636.76866229021,636.7686636096,820.17538956194,820.17360240284,24.133481753979,5.6760049057986,800.39537818603,504.27118949495,5.1572562492724,786.26529293893,129.66264402198,5.0831901133346,784.6103386974,573.78302325137,4.4989796416017,804.33204723209,33.215805691953,0.2498303580497,0,0.53833844746432,6.2512613574672e-07,0.99798203119852,792.37120747211,1260.3499437922,-1259.8694856827,-0.99788350306772,-3.1553154961403e-09,101807.0149512,-4.4607816200696e-10,1.1939507696311e-09,-3.9031881037644e-09,0,-3.1553154961403e-09,806.83679186766,839.97310923601,806.42283913333,825.36763688399,806.32701283249,820.17538956194,808.30080642424,903.75098215126,1260.3719306351,16820017.447682
