time,CH1UP_outlet_T,CH1_inlet_T,CH1_outlet_T,CH1_outlet_flow,CH1_velocity,CH2_outlet_T,CH2_outlet_flow,CH2_velocity,CH3_outlet_T,CH3_outlet_flow,CH3_velocity,CH4_outlet_T,CH4_outlet_flow,CH4_velocity,CH5_outlet_T,CH5_outlet_flow,CH5_velocity,Core_Radial_Expansion_Reactivity,DHX_flow,DHX_heatremoval,IHX_heatremoval,IHX_inlet_T,IHX_primaryflow,IHX_secondaryflow,NaHX_heatremoval,Total_Reactivity_Feedback,feedback-Axial,feedback-coolant,feedback-doppler,feedback-ext,feedback-total,max_Tci_Ref,max_Tci_core,max_Tco_Ref,max_Tco_core,max_Tcoolant_Ref,max_Tcoolant_core,max_Tf_Ref,max_Tf_core,pump_flow,reactor:decay_heat
-500,628.15,628.15,628.15,4.2615129066553,1,628.15,98.001727648025,1,628.15,25.566307807074,1,628.15,127.82721148403,1,628.15,133.24974496401,1,0,20.772246432506,0,0,628.15,662.98086530414,-894.93761713378,0,0,0,0,0,0,0,628.15,628.15,628.15,628.15,628.15,628.15,628.15,628.15,114.24735537878,16820017.447682
-490,820.07312678949,636.7684717896,820.30685809301,24.110670872896,5.6705348617556,800.21746510155,503.80462955502,5.1523698455262,786.08744676984,129.54284072785,5.07838504084,784.3472789426,573.2648462848,4.4947957378855,628.12118849581,33.208841520238,0.24866303652121,0,5.4351354608932,0.0001139065901626,1.1282282766015,792.34397229065,1272.8149060495,-1259.3295303078,-0.68769497578018,0,0,0,0,0,0,655.32692079219,840.07892235361,655.15952223015,825.49275574268,655.15210695361,820.30685809301,656.36235630371,903.83322564915,1267.3417763029,16820017.447682
-39,820.17534207284,636.76866229549,820.17538957171,24.133481752698,5.6760049055052,800.39537818778,504.27118948975,5.1572562492252,786.26529291826,129.66264403993,5.0831901138912,784.61033868726,573.78302329103,4.4989796418175,804.33204723431,33.215805691901,0.24983035804932,0,0.53833844434307,6.2512615186221e-07,0.99798203120326,792.3712074721,1260.349943791,-1259.8694856826,-0.99788350306506,0,0,0,0,0,0,806.83679186892,839.97310924589,806.42283913482,825.36763689386,806.32701283404,820.17538957171,808.30080642484,903.75098203829,1260.3719306463,16820017.447682
