time,CH1UP_outlet_T,CH1_inlet_T,CH1_outlet_T,CH1_outlet_flow,CH1_velocity,CH2_outlet_T,CH2_outlet_flow,CH2_velocity,CH3_outlet_T,CH3_outlet_flow,CH3_velocity,CH4_outlet_T,CH4_outlet_flow,CH4_velocity,CH5_outlet_T,CH5_outlet_flow,CH5_velocity,Core_Radial_Expansion_Reactivity,DHX_flow,DHX_heatremoval,External_Reactivity,IHX_heatremoval,IHX_inlet_T,IHX_primaryflow,IHX_secondaryflow,NaHX_heatremoval,Total_Reactivity,Total_Reactivity_Feedback,feedback-Axial,feedback-coolant,feedback-doppler,feedback-ext,feedback-total,max_Tci_Ref,max_Tci_core,max_Tco_Ref,max_Tco_core,max_Tcoolant_Ref,max_Tcoolant_core,max_Tf_Ref,max_Tf_core,pump_flow,reactor:decay_heat
-500,628.15,628.15,628.15,4.2615129066553,1,628.15,98.001727648025,1,628.15,25.566307807074,1,628.15,127.82721148403,1,628.15,133.24974496401,1,0,20.772246432506,0,0,0,628.15,662.98086530414,-894.93761713378,0,0,0,0,0,0,0,0,628.15,628.15,628.15,628.15,628.15,628.15,628.15,628.15,114.24735537878,16820017.447682
-490,820.07296710986,636.76847114806,820.30686409516,24.110671593033,5.6705349614184,800.21722034582,503.80464047143,5.15236985757,786.08720507463,129.5428431754,5.078385039552,784.34696506883,573.26484979189,4.4947956521085,628.12770239232,33.208832753616,0.2486629259723,0,5.4351367875816,0.00011390677431033,0,1.1282277446833,792.34397276293,1272.814889418,-1259.3295407395,-0.68769559021379,0,0,0,0,0,0,0,655.32718862023,840.07893061309,655.15979834948,825.49276242652,655.15238504236,820.30686409516,656.36230640164,903.83323823967,1267.3417829407,16820017.447682
-39,820.17534172267,636.76866218802,820.1753892216,24.133481798586,5.6760049161365,800.3953779641,504.27119017593,5.1572562551582,786.26529275149,129.66264418398,5.083190118088,784.61033853111,573.78302389416,4.4989796447561,804.34025968102,33.215797224136,0.24983033315388,0,0.53833830795279,6.2512494426843e-07,0,0.99798203249851,792.37120747457,1260.3499437414,-1259.8694856837,-0.9978835029864,0,0,0,0,0,0,0,806.83672090508,839.97310889187,806.42276863939,825.3676365402,806.32694247164,820.1753892216,808.30073409226,903.75098513774,1260.3719306424,16820017.447682
