time,CH1UP_outlet_T,CH1_inlet_T,CH1_inlet_T_0,CH1_outlet_T,CH1_outlet_T_0,CH1_outlet_flow,CH1_velocity,CH2_outlet_T,CH2_outlet_flow,CH2_velocity,CH3_outlet_T,CH3_outlet_flow,CH3_velocity,CH4_outlet_T,CH4_outlet_flow,CH4_velocity,CH5_outlet_T,CH5_outlet_flow,CH5_velocity,Core_Radial_Expansion_Reactivity,DHX_flow,DHX_heatremoval,IHX_heatremoval,IHX_inlet_T,IHX_primaryflow,IHX_secondaryflow,NaHX_heatremoval,Total_Reactivity_Feedback,feedback-Axial,feedback-coolant,feedback-doppler,feedback-ext,feedback-total,max_Tci_Ref,max_Tci_core,max_Tco_Ref,max_Tco_core,max_Tcoolant_Ref,max_Tcoolant_core,max_Tf_Ref,max_Tf_core,pump_flow,reactor:decay_heat
-500,628.15,628.15,0,628.15,0,4.2615129066553,1,628.15,98.001727648025,1,628.15,25.566307807074,1,628.15,127.82721148403,1,628.15,133.24974496401,1,0,20.772246432506,0,0,628.15,662.98086530414,-894.93761713378,0,0,0,0,0,0,0,628.15,628.15,628.15,628.15,628.15,628.15,628.15,628.15,114.24735537878,16820017.447682
-490,820.07312678959,636.76847178967,636.76867914892,820.3068580931,820.23966019074,24.110670872884,5.6705348617531,800.21746510197,503.80462955508,5.1523698455265,786.08744677007,129.54284072784,5.0783850408395,784.34727894253,573.26484628523,4.4947957378875,628.12118849648,33.208841520225,0.24866303652119,0,5.4351354628226,0.00011390659028766,1.1282282766062,792.34397229055,1272.8149060484,-1259.3295303075,-0.68769497577578,-1.8347497213706e-07,-2.2369402934207e-08,2.3384373475891e-08,-1.8448994267874e-07,0,-1.8347497213706e-07,655.32692082328,840.07892235369,655.15952226971,825.49275574277,655.15210699523,820.3068580931,656.36235642957,903.83322564879,1267.3417763052,16820017.447682
-39,820.17534207284,636.76866229553,636.76866361512,820.17538957169,820.17360241242,24.133481752703,5.6760049055063,800.39537818758,504.27118949013,5.1572562492288,786.26529291817,129.66264404001,5.0831901138939,784.61033868704,573.78302329182,4.4989796418222,804.33204725372,33.215805691894,0.24983035804939,0,0.53833843597786,6.2512612152235e-07,0.99798203120256,792.3712074721,1260.3499437904,-1259.8694856825,-0.99788350306512,-3.1553161962272e-09,-4.4607838102932e-10,1.1939517009716e-09,-3.9031895161695e-09,0,-3.1553161962272e-09,806.83679186294,839.97310924587,806.42283912873,825.36763689384,806.32701282793,820.17538957169,808.30080641916,903.75098203786,1260.3719306443,16820017.447682
