time,dT,max_v,mdot,pump,total_fission_source,total_power,lambda
0,0,0,0,0,0,0,0
0.25,97.455530633895,2.0328776930421,19221.877780947,1,63.234417274834,2999910776.3276,1.1839574424763e-13
0.375,97.43358623317,2.0329455117415,19219.098895565,1,63.234417274834,2999910776.3276,5.5096381634977e-13
0.375,97.433585705613,2.0329455112087,19219.09889105,1,63.222121584933,2999908801.658,-1.6253518560384e-14
