time,dT,max_T,mdot,power,pump,lambda
0,0,0,0,0,0,1.7068141450817e-13
0.25,95.13810639627,1368.3073472453,18521.509504009,3000556947.5717,1,1.0477557925294e-13
0.5,93.896552907633,1365.0128058181,18587.929755208,3000484510.2646,1,-1.945685806997e-13
