time,dT,max_v,mdot,p_drop,pump,total_fission_source,total_power,lambda
0,0,2.0256344243068,0,-6965.8333264474,1,63.242544832291,2999968739.9724,0
0.25,97.567901304402,2.0259006516623,19229.81343812,-6972.5378516897,1,63.242545075603,2999968739.972,1.895118972607e-12
0.5,97.567763374176,2.0256954893142,19228.72336278,-6972.8360588559,1,63.24253683538,2999968348.6604,-6.1807877430368e-15
