time,dT,max_v,mdot,pump,total_fission_source,total_power,lambda
0,0,0,0,0,0,0,0
0.25,10.831518341661,2.0425436641811,19238.008041198,1,63.149281329264,2997749868.343,-4.6282612877339e-13
0.5,11.170124391218,2.0542004915579,19265.039825913,1,-19.265964052685,3054417850.7001,-2.9556105899246e-13
