time,dT,max_v,mdot,pump,total_fission_source,total_power,lambda
0,0,0,0,0,0,0,0
0.25,97.456561473038,2.0331713610724,19224.032911125,1,63.234417274834,2999910776.3276,-4.6775001612257e-14
0.375,97.434427595338,2.0333688082816,19222.316941561,1,63.234417274834,2999910776.3276,2.3349204967592e-14
0.375,97.434427074894,2.0333688079605,19222.316939046,1,63.225856915016,2999909746.7137,2.6772316080812e-13
