time,dT,max_T,max_mdot_T,max_v,mdot,mdot_hx_bot,mdot_hx_top,min_mdot_T,power,lambda
0,0,0,0,0,0,0,0,0,0,-3.5275737370635e-13
0.25,111.72347347341,1360.9574957968,-4391.5689463144,1.9895577324474,135.00627392349,4.3490832455528,-4.3884364510182,3941.0152253537,2999999649.0079,1.3714972059217e-14
0.5,110.25917770366,1358.5122895696,-4402.3922551164,1.9953246881307,132.30668735926,4.365382446152,-4.403508832844,3955.3146152381,3000098599.2778,-1.0798820121392e-13
