time,dT,max_v,mdot,pump,total_fission_source,total_power,lambda
0,0,0,0,0,0,0,0
0.25,97.45553120672,2.0328777392618,19221.878243822,1,62.95369318597,2999968774.6072,2.7995073728302e-13
0.375,97.433587431357,2.0329455890219,19219.099691844,1,62.95369318597,2999968774.6072,3.1889428965734e-13
