time,dT,max_T,mdot,power,pump,lambda
0,0,0,0,0,0,1.7068141450817e-13
0.25,113.18973002724,1368.2909177095,18521.448240525,0,1,-3.5002856896073e-13
0.5,113.6181040038,1364.9862768046,18588.815566429,0,1,-2.8309011588112e-13
