time,dT,max_v,mdot,pump,total_fission_source,total_power,lambda
0,0,0,0,0,0,0,0
0.25,10.801309057743,2.04254020611,19238.432829365,1,63.033273173711,2999999199.1713,2.0066670123756e-13
0.5,11.049020690392,2.0539113091741,19266.019207978,1,63.033273173711,2999999199.1713,-1.567326589162e-13
