time,dT,max_v,mdot,pump,total_fission_source,total_power,lambda
0,0,0,0,0,0,0,0
0.25,97.456562045785,2.0331714072906,19224.033374083,1,62.95369318597,2999968774.6072,2.6472935626393e-14
0.375,97.434428793294,2.033368885555,19222.317737993,1,62.95369318597,2999968774.6072,8.0752577583284e-14
