time,dT,max_T,mdot,power,pump,lambda
0,0,0,0,0,0,1.7068141450817e-13
0.25,95.138011599867,1368.2896545882,18521.508917552,0,1,-2.9426194295517e-15
0.5,93.896285145278,1364.9771687994,18587.929109165,0,1,-6.2526869604891e-14
