time,dT,max_v,mdot,pump,total_fission_source,total_power,lambda
0,0,0,0,0,0,0,0
0.25,97.455531206718,2.0328777392618,19221.878243822,1,62.95369318597,2999968774.6072,2.2540124345411e-13
0.5,97.442857267504,2.0323384853462,19218.027353112,1,62.95369318597,2999968774.6072,7.5664798754714e-14
