time,dT,max_T,max_mdot_T,max_v,mdot,mdot_hx_bot,mdot_hx_top,min_mdot_T,power,lambda
0,0,0,0,0,0,0,0,0,0,-3.5275737370635e-13
0.25,111.70552867851,1361.4652790516,-4391.3764604968,1.9896157690449,135.00808667424,4.3490956942518,-4.3884489613451,3940.8982984126,0,-7.488882835868e-13
0.75,109.30389355001,1359.2533620071,-4412.7245674083,2.0005513857056,132.60216198367,4.3790896287655,-4.4158561771499,3967.103239005,0,-2.3026621949205e-13
