time,dT,max_T,max_mdot_T,max_v,mdot,mdot_hx_bot,mdot_hx_top,min_mdot_T,power,lambda
0,0,0,0,0,0,0,0,0,0,-3.5275737370635e-13
0.25,111.70552867851,1361.4652790516,-4391.3764604968,1.9896157690449,135.00808667424,4.3490956942518,-4.3884489613451,3940.8982984126,0,-1.2973894981393e-14
0.5,110.22132018127,1359.5112452445,-4402.0234166833,1.995547571919,132.31020464221,4.3654032706906,-4.4035299928681,3955.1070839883,0,3.8432407088117e-13
