time,avg_tcool,avg_tfuel,disp_x_max,disp_y_max,disp_z_max,eigenvalue,max_tcool,max_tfuel,min_tcool,min_tfuel,power_scaling,ptot
0,700,900,0.00047009794330435,0,0.00062151860610661,1,700,900,700,900,3.3440481797561e+16,4545454.5
1,711.41826267871,816.77323723385,0.00047009794330435,0.011180856228525,0.00062151860610661,1.5454631020114,774.01630377977,914.24801139034,623.15,749.98806638361,1.2192147679526e+16,4545454.5
