time,disp_x_max,disp_y_max,strain_xx,strain_yy
0,0,0,0,0
1,2.6003537799411e-05,0.014978929364344,0.0037450009990479,0.0037432036227665
