time,dT,max_v,mdot,pump,total_fission_source,total_power,lambda
0,0,0,0,0,0,0,0
0.25,97.595881210333,2.0333130313552,19225.347638386,1,62.953696547262,2999910776.3276,1.6143829711874e-13
0.5,97.595626985521,2.033100021523,19224.179146997,1,62.953882944041,2999910423.5124,4.1162317625263e-14
