time,dT,max_v,mdot,pump,total_fission_source,total_power,lambda
0,0,0,0,0,0,0,0
0.25,97.595881780451,2.0333130775821,19225.34810134,1,62.95369318597,2999968774.6072,2.7590620047962e-13
0.5,97.595632413164,2.0331001329986,19224.180418136,1,62.95369318597,2999968774.6072,2.6150957158429e-13
