time,eigenvalue,power_scaling
0,0,5.211909519963e+30
1,0.99433632372158,55737614882991
