time,eigenvalue,power_scaling
0,1,4.4327922782557e+18
1,1.024509907893,8.3665159195936e+18
