time,dT,max_v,total_fission_source,total_power,lambda
0,39.521441152741,2.0970310654798,31.529551000818,2999963960.5987,4.7307123923129e-13
1,54.020214183317,2.0844149417034,31.640899056821,2999967164.1018,4.3512641283672e-13
3,71.122993600526,2.0648017932034,31.640899056821,2999967164.1018,6.6266289905115e-14
