time,eigenvalue,power_scaling
0,1,4.4327922782557e+18
1,1.0248206512184,8.362090334443e+18
