time,eigenvalue,eigenvalue_out,power_scaling
0,1,0,2.2253933117807e+18
1,0.91105129073597,0.91105129073597,2.5421639659739e+18
