time,eigenvalue,power_scaling
0,1,4.4327922782557e+18
1,1.0276844516506,8.4102844194536e+18
