time,eigenvalue,eigenvalue_out,power_scaling
0,1,0,2.2253933117807e+18
1,0.9048085474014,0.9048085474014,2.5567507412343e+18
8
