time,eigenvalue,eigenvalue_out,power_scaling
0,1,0,2.2253933117807e+18
1,0.90480856333472,0.90480856333472,2.5567507279471e+18
