time,eigenvalue,power_scaling
0,1,4.4327922782556e+18
1,1.0276969073924,8.4125227541945e+18
