time,eigenvalue,power_scaling
0,1,4.4327922782557e+18
1,1.024832079755,8.3618159271689e+18
