time,dT,max_v,mdot,total_fission_source,total_power,lambda
0,0,0,0,0,0,-5.0671595532377e-13
0.75,5.4742858927697,1.9257074486632,18189.664750893,103.76005656894,3000025438.1011,-4.8498294888077e-13
