time,dT,max_v,total_fission_source,total_power,lambda
0,39.52144115267,2.0970310654799,31.529551001161,2999963960.5987,-7.9972303789288e-14
1,54.020214183122,2.0844149417041,31.640899057002,2999967164.1018,-6.8956653943379e-14
3,71.122993600257,2.0648017932047,31.640899057002,2999967164.1018,-2.2959496452077e-13
