time,dT,max_v,total_fission_source,total_power,lambda
0,39.470170524255,2.0990275785335,31.450163354949,2996773051.8698,3.4277385940336e-13
1,53.905661319185,2.0865192138979,31.376762709464,2996758975.1037,1.803789859513e-13
3,71.037550831392,2.0668465455323,31.376762709464,2996758975.1037,-3.2225805915469e-14
