time,dT,max_v,total_fission_source,total_power,lambda
0,0,0,0,0,0
1,8.3639526170221,2.1170001303181,31.456658316043,2996773157.3782,-4.9342725921473e-13
3,39.468823320154,2.0990452532014,31.456658316043,2996773157.3782,-6.4829109981534e-14
