time,dT,max_v,total_fission_source,total_power,lambda
0,39.497299218032,2.0992344753734,31.529551000636,2999963960.5987,-7.3945159167764e-13
1,53.957014549255,2.087053648839,31.641364462249,2999967166.1615,-6.3699326703712e-13
3,71.00585854963,2.0680969424306,31.641364462249,2999967166.1615,2.2248312501177e-13
