time,eigenvalue,eigenvalue_out,power_scaling
0,1,0,2.2253933117807e+18
1,0.91395846170923,0.91395846170923,2.5330405660658e+18
