time,dT,max_v,total_fission_source,total_power,lambda
0,51.200113656598,2.0680748692206,31.52955100109,2999963960.5987,-2.9368808854515e-12
2,69.009936729071,2.0589809447506,31.630393647521,2999967461.3625,1.2578975878389e-12
4,79.397786429879,2.0495729448104,31.630393647521,2999967461.3625,9.6858791055851e-13
