time,dT,max_v,mdot,total_fission_source,total_power,lambda
0,0,0,0,0,0,0
1,20.260934288951,2.1124209622593,18961.161238123,104.12942609249,3000025420.0306,1.2795242593304e-13
