time,dT,max_v,total_fission_source,total_power,lambda
0,39.497299218162,2.0992344753734,31.529551000833,2999963960.5987,-2.618581032815e-13
1,53.957014549269,2.087053648839,31.641364462019,2999967166.1615,-1.3439979074133e-13
3,71.005858549712,2.06809694243,31.641364462019,2999967166.1615,2.5908965479195e-13
