time,dT,max_mdot_T,max_v,mdot,mdot_hx_bot,mdot_hx_top,min_mdot_T,total_fission_source,total_power,lambda
0,0,0,0,0,0,0,0,0,0,-1.4148885348027e-14
1.25,116.66730009519,-4389.2229258952,1.9696219985278,18655.740320161,4.3001392101145,-4.344168618678,3927.3420445919,103.17551370877,3000024962.815,-4.1068386908618e-13
