time,eigenvalue,power_scaling
0,1,4.4327922782557e+18
1,1.024830236132,8.3619551516507e+18
