time,eigenvalue,power_scaling
0,1,4.4327922782557e+18
1,1.0248302361333,8.3619551515996e+18
