time,dT,max_mdot_T,max_v,mdot,mdot_hx_bot,mdot_hx_top,min_mdot_T,total_fission_source,total_power,lambda
0,0,0,0,0,0,0,0,0,0,-1.4148885348027e-14
1.25,116.67927855095,-4389.1924315642,1.9696119078514,18655.750862612,4.3001397963412,-4.3441743624314,3927.2637896273,103.19627386404,3000024891.3856,-9.430789600639e-13
