time,dT,max_v,total_fission_source,total_power,lambda
0,0,0,0,0,0
1,8.0019872581263,2.1142516384631,63.033273173711,2999999199.1713,-4.4423720459713e-14
3,39.135429860088,2.0908079231526,63.033273173711,2999999199.1713,-5.3523434664046e-13
