time,max_v,mdot,mu_value,lambda
0,0,0,0,0
0.3,0.22379603783749,1488.9128563058,0.69150563516939,2.6204512461898e-14
0.9,0.56222180435324,4322.8325996904,0.12816115114798,2.0529666727628e-13
