time,dT,max_mdot_T,max_v,mdot,mdot_hx_bot,mdot_hx_top,min_mdot_T,total_fission_source,total_power,lambda
0,0,0,0,0,0,0,0,0,0,-1.4148885348027e-14
0.5,114.58726138065,-4378.2413085324,1.9954832991007,18771.69750158,4.3268252977065,-4.3701863024354,3921.3498954268,63.033273173711,2999999199.1713,1.7114393338693e-13
1,114.59430617459,-4378.3267182677,1.9955361367448,18771.872207694,4.3268662430631,-4.3702267808721,3921.3998477454,63.033273173711,2999999199.1713,-4.3379933134217e-13
