time,eigenvalue,power_scaling
0,1,2.2253933117807e+18
1,0.9090423380909,2.5502500804189e+18
