time,max_v,mdot,mu_value,lambda
0,0,0,0,1E-06
0.2,0.12846665500261,995.18602390312,0.92762731591608,-5.1753715355018E-14
0.4,0.25273937808947,1979.9070215466,0.51658239177426,5.5030407809352E-14
