time,eigenvalue,eigenvalue_out,power_scaling
0,1,0,2.2253933117807e+18
1,0.90474400855546,0.90474400855546,2.5562323756998e+18
