time,dT,max_v,total_fission_source,total_power,lambda
0,0,0,0,0,0
1,8.0022118056289,2.11563921499,63.033273173711,2999999199.1713,-1.6142430855352e-13
3,39.120841802076,2.0930985240354,63.033273173711,2999999199.1713,1.8852151426172e-13
