time,max_v,mdot,mu_value,lambda
0,0,0,0,0
0.3,0.22406910659378,1490.0050985667,0.69150563516939,-2.4976515079654e-14
0.9,0.56323601054463,4325.2427818973,0.12816115114798,-1.7526176001288e-13
