time,eigenvalue,eigenvalue_out,power_scaling
0,1,0,2.2253933117807e+18
1,0.90480854738772,0.90480854738772,2.5567507412779e+18
