time,dT,max_v,mdot,total_fission_source,total_power,lambda
0,0,0,0,0,0,-5.0671595532377e-13
0.25,-0.65056429954154,1.9488547460319,18350.250865134,63.033273173711,2999999199.1713,-3.5066471344912e-13
0.5,-0.55463413407938,1.9286115206124,18285.809498742,63.033273173711,2999999199.1713,-3.0830789815716e-14
