time,max_v,mdot,mu_value,lambda
0,0,0,0,0
0.3,0.22379603783749,1488.9128563057,0.69150563516939,-3.2591158850308e-14
0.9,0.56222180435324,4322.8325996904,0.12816115114798,1.7614553906349e-13
