time,dT,max_v,mdot,total_fission_source,total_power,lambda
0,0,0,0,0,0,0
1,17.921755807999,2.1149118585764,19095.357337957,63.033273173711,2999999199.1713,-3.4010068227533e-14
3,47.545321085634,2.0926671431326,19280.278554479,63.033273173711,2999999199.1713,2.2032596084562e-13
