time,dT,max_mdot_T,max_v,mdot,mdot_hx_bot,mdot_hx_top,min_mdot_T,lambda
0,0,0,0,0,0,0,0,3.5013081590292e-13
0.25,17.188915313394,-3795.4569472044,2.0863643640027,18588.02765718,4.2852967624736,-4.3242470065518,3755.6257865233,-3.1729520805225e-13
0.75,23.594245453421,-3799.3380820306,2.0655793390398,18412.954816001,4.2426080903335,-4.283393673223,3734.798923265,-2.7128893116426e-13
