time,eigenvalue,eigenvalue_out,power_scaling
0,1,0,2.2253933117807e+18
1,0.90904233864534,0.90904233864534,2.5502500800345e+18
