time,max_v,mdot,mu_value,lambda
0,0,0,0,0
0.3,0.22379756758557,1487.0989043671,0.69150563516939,-2.3793728636604e-14
0.9,0.56225023146149,4320.132345483,0.12816115114798,-1.3606812239823e-13
