time,max_v,mdot,mu_value,lambda
0,0,0,0,0
0.3,0.22406670957092,1489.9881816018,0.69150563516939,-3.0889771605959e-14
0.9,0.56323186646734,4325.2095488748,0.12816115114798,-2.6616266809918e-13
