time,max_v,mdot,mu_value,lambda
0,0,0,0,1e-06
0.2,0.12846665500261,995.18602390312,0.92762731591608,-8.8887393185406e-15
0.4,0.25273937808947,1979.9070215466,0.51658239177426,8.7331075788573e-14
