time,dT,max_v,total_fission_source,total_power,lambda
0,0,0,0,0,0
1,8.0090929430777,2.1149118585764,63.033273173711,2999999199.1713,3.6294361746145e-13
3,39.117234552692,2.0926671431326,63.033273173711,2999999199.1713,-4.3534635334236e-13
