time,dT,max_v,total_fission_source,total_power,lambda
0,0,0,0,0,0
1,8.0019872581275,2.1142516384631,63.033273173711,2999999199.1713,-4.9180569258052e-13
3,39.135429860088,2.0908079231526,63.033273173711,2999999199.1713,3.8704011488035e-13
