time,fuel_temp_avg,fuel_temp_max,fuel_temp_min,integrated_power,power_scaling,scaled_power_avg
0,873.14999999999,873.15,873.15,225000,3.4732491032213e+14,12559575.685913
1,873.14999999999,873.15,873.15,-13706.979458893,3.4732491032213e+14,-765128.20417432
