time,Normalization,Tfuel_avg2,eigenvalue,total_power
2,2.8816031701647e+17,899.99999999998,1.0040719026395,1000000000
